"election_date","election_type","contest_status","assembly","province","constituency_number","constituency_name","voter_reg","votes_cast","turnout","votes_disq","disq_pct","validated_votes","MOV_votes","MOV_pct","win_votes","win_pct","win_party","win_name","second_votes","second_pct","second_party","second_name","third_votes","third_pct","third_party","third_name","remainder_votes","remainder_pct","effective_parties","Cox_SF_ratio","winbuckets","delimit"
2018-07-25,"General Election","Contested","National","Balochistan","NA-258","Loralai-cum-Musa Khail-cum-Ziarat-cum-Dukki-cum-Harnai",313891,165446,0.527081056799972,6773,0.0409378286570845,158673,4481,0.0282404693930284,42938,0.270606845525074,"Balochistan Awami Party","Muhammad Israr Tareen",38457,0.242366376132045,"Muttahidda Majlis-e-Amal Pakistan","Amir Zaman",25792,0.162548133582903,"Pakistan Muslim League (Nawaz)","Sardar Muhammad Yaqoob Nasar",51486,0.324478644759978,5.2370891734797,0.670671139194425,"Other Parties","Delimitation 2018"
2018-07-25,"General Election","Contested","National","Balochistan","NA-259","Dera Bugti-cum-Kohlu-cum-Barkhan-cum-Sibi-cum-Lehri",355316,159149,0.447908340744577,11508,0.0723095966672741,147641,1574,0.0106609952519964,22787,0.154340596446786,"Jamhoori Wattan Party","Nawabzada Shahzain Bugtti",21213,0.14367960119479,"Independents","Mir Tariq Mehmood Kethran",17578,0.11905906895781,"Pakistan Peoples Party Parliamentarians","Sardar Mir Baz Muhammad Khan Khetran",86063,0.582920733400614,10.771492899127,0.82864281336916,"Other Parties","Delimitation 2018"
2018-07-25,"General Election","Contested","National","Balochistan","NA-260","Nasirabad-cum-Kachhi-cum-Jhal Magsi",365862,144107,0.393883486123183,13597,0.0943535012178451,130510,13142,0.100697264577427,53330,0.408627691364646,"Balochistan Awami Party","Khalid Hussain Magsi",40188,0.307930426787219,"Pakistan Tehreek-e-Insaf","Sardar Yar Muhammad Rind",10009,0.0766914412688683,"Muttahidda Majlis-e-Amal Pakistan","Molvi Muhammad Abdullah",26983,0.206750440579266,3.67897916566079,0.24905444411267,"Other Parties","Delimitation 2018"
2018-07-25,"General Election","Contested","National","Balochistan","NA-267","Mastung-cum-Shaheed Sikandarabad-cum-Kalat",239161,116372,0.486584351127483,5532,0.0475372082631561,110840,907,0.00818296643810901,26645,0.240391555395164,"Muttahidda Majlis-e-Amal Pakistan","Syed Mehmood Shah",25738,0.232208588957055,"Balochistan National Party","Manzoor Ahmed Baloch",20322,0.183345362684951,"Balochistan Awami Party","Sardar Noor Ahmed",38135,0.344054492962829,6.23256771567212,0.789571839303753,"Muttahidda Majlis-e-Amal Pakistan","Delimitation 2018"
2018-07-25,"General Election","Contested","National","Balochistan","NA-270","Panjgur-cum-Washuk-cum-Awaran",231726,93796,0.404771152136575,6152,0.0655891509232803,87644,2528,0.0288439596549678,18568,0.211857058098672,"Balochistan Awami Party","Ehsanullah Reki",16040,0.183013098443704,"Balochistan National Party (Awami)","Mohammad Hanif",15912,0.181552644790288,"Muttahidda Majlis-e-Amal Pakistan","Attaullah Baloch",37124,0.423577198667336,6.63056569724695,0.992019950124688,"Other Parties","Delimitation 2018"
2018-07-25,"General Election","Contested","National","Balochistan","NA-272","Lasbela-cum-Gwadar",356879,199860,0.560021744064515,10433,0.0522015410787551,189427,5529,0.0291880249383668,68804,0.363221716017252,"Independents","Mohammad Aslam Bhootani",63275,0.334033691078885,"Balochistan Awami Party","Jam Kamal Khan",41866,0.221013899813649,"Balochistan National Party","Muhammad Akhtar mengal",15482,0.0817306930902142,3.40437092089905,0.66165152113789,"Independents","Delimitation 2018"
2018-07-25,"General Election","Contested","National","Khyber Paktunkhwa","NA-10","Shangla",374343,128302,0.342739145649845,4632,0.0361023210861873,123670,1405,0.0113608797606533,34070,0.275491226651573,"Pakistan Muslim League (Nawaz)","Ibadullah Khan",32665,0.264130346890919,"Awami National Party","Sadeed ur Rahman",27832,0.225050537721355,"Pakistan Tehreek-e-Insaf","Waqar Ahmad Khan",29103,0.235327888736153,4.40811677779262,0.852043471605694,"Pakistan Muslim League (Nawaz)","Delimitation 2018"
2018-07-25,"General Election","Contested","National","Khyber Paktunkhwa","NA-13","Mansehra-I",526974,261135,0.495536781700805,7600,0.0291037202979302,253535,1454,0.00573490839529062,109262,0.430954306111582,"Independents","Saleh Muhammad",107808,0.425219397716292,"Pakistan Muslim League (Nawaz)","Sardar Shah JehanYousaf",19716,0.0777644112252746,"Muttahidda Majlis-e-Amal Pakistan","Muhammad Baseer Khan",16749,0.0660618849468515,2.67658495064061,0.182880676758682,"Independents","Delimitation 2018"
2018-07-25,"General Election","Contested","National","Khyber Paktunkhwa","NA-21","Mardan-II",419713,191688,0.456712086592505,5790,0.0302053336672092,185898,33,0.000177516702707936,78911,0.424485470526848,"Awami National Party","Amir Haider Azam Khan",78878,0.42430795382414,"Pakistan Tehreek-e-Insaf","Muhammad Atif",18361,0.0987692175278916,"Muttahidda Majlis-e-Amal Pakistan","Shuja Ul Mulk",9748,0.0524373581211202,2.68710615685087,0.232777200233272,"Other Parties","Delimitation 2018"
2018-07-25,"General Election","Contested","National","Khyber Paktunkhwa","NA-22","Mardan-III",389688,201057,0.515943524050009,5594,0.0278229556792352,195463,2259,0.0115571745036145,58577,0.299683316024005,"Pakistan Tehreek-e-Insaf","Ali Muhammad",56318,0.28812614152039,"Muttahidda Majlis-e-Amal Pakistan","Muhammad Qasam",36625,0.187375615845454,"Pakistan Muslim League (Nawaz)","Jamshid Khan",43943,0.224814926610151,4.30794978788793,0.650324940516354,"Pakistan Tehreek-e-Insaf","Delimitation 2018"
2018-07-25,"General Election","Contested","National","Khyber Paktunkhwa","NA-33","Hangu",275947,81315,0.294676151579832,3424,0.0421078521797946,77891,851,0.0109255241298738,28819,0.369991398235996,"Pakistan Tehreek-e-Insaf","Khial Zaman",27968,0.359065874106123,"Muttahidda Majlis-e-Amal Pakistan","Atiq Ur Rehman",7077,0.0908577370941444,"Independents","Rangeen Khan",14027,0.180084990563737,3.55856278133208,0.253039187643021,"Pakistan Tehreek-e-Insaf","Delimitation 2018"
2018-07-25,"General Election","Contested","National","Khyber Paktunkhwa","NA-35","Bannu",578872,246318,0.425513757791014,7356,0.0298638345553309,238962,7002,0.0293017299821729,113822,0.476318410458567,"Pakistan Tehreek-e-Insaf","Imran Ahmed Khan Niazi",106820,0.447016680476394,"Muttahidda Majlis-e-Amal Pakistan","Akram Khan Durrani",9173,0.0383868564876424,"Pakistan Peoples Party Parliamentarians","Syeda Yasmin Safdar",9147,0.0382780525773972,2.33439721837035,0.085873431941584,"Pakistan Tehreek-e-Insaf","Delimitation 2018"
2018-07-25,"General Election","Contested","National","Punjab","NA-100","Chiniot-II",362673,223684,0.61676496458242,7197,0.0321748538116271,216487,856,0.00395404804907457,76415,0.352977315035083,"Pakistan Muslim League (Nawaz)","QAISER AHMED SHEIKH",75559,0.349023266986008,"Pakistan Tehreek-e-Insaf","ZULFIQAR ALI SHAH",40542,0.18727221495979,"Pakistan Peoples Party Parliamentarians","SYED INAYAT ALI SHAH",23971,0.110727203019119,3.52476027170408,0.536560833256131,"Pakistan Muslim League (Nawaz)","Delimitation 2018"
2018-07-25,"General Election","Contested","National","Punjab","NA-105","Faisalabad-V",440419,249636,0.566814783195094,9135,0.0365932798154112,240501,8651,0.0359707444043892,77862,0.32374917360011,"Pakistan Tehreek-e-Insaf","Raza Nasrullah",69211,0.287778429195721,"Independents","Muhammad Masood Nazir",56540,0.23509257757764,"Pakistan Muslim League (Nawaz)","Mian Muhammad Farooq",36888,0.15337981962653,4.0139484303213,0.816922165551719,"Pakistan Tehreek-e-Insaf","Delimitation 2018"
2018-07-25,"General Election","Contested","National","Punjab","NA-106","Faisalabad-VI",415496,244816,0.589213855247704,5375,0.0219552643618064,239441,2520,0.0105245133456676,106319,0.444030053332554,"Pakistan Muslim League (Nawaz)","Rana Sana Ullah Khan",103799,0.433505539986886,"Pakistan Tehreek-e-Insaf","Nisar Ahmad",12799,0.053453669171111,"Pakistan Peoples Party Parliamentarians","Saeed Iqbal",16524,0.0690107375094491,2.56466524859803,0.123305619514639,"Pakistan Muslim League (Nawaz)","Delimitation 2018"
2018-07-25,"General Election","Contested","National","Punjab","NA-108","Faisalabad-VIII",434583,247759,0.570107436324016,5177,0.0208953055186694,242582,1211,0.00499212637376228,112740,0.46475006389592,"Pakistan Tehreek-e-Insaf","FARRUKH HABIB",111529,0.459757937522157,"Pakistan Muslim League (Nawaz)","ABID SHER ALI",8075,0.0332877130207517,"Tehreek-e-Labbaik Pakistan","SHAHBAZ ALI GULZAR",10238,0.0422042855611711,2.33064850802975,0.0724026934698599,"Pakistan Tehreek-e-Insaf","Delimitation 2018"
2018-07-25,"General Election","Contested","National","Punjab","NA-112","Toba Tek Singh-II",469863,278234,0.592159842337022,5483,0.0197064341525479,272751,4272,0.0156626373505505,125303,0.459404365153565,"Pakistan Muslim League (Nawaz)","MUHAMMAD JUNAID ANWAR CHAUDHRY",121031,0.443741727803014,"Pakistan Tehreek-e-Insaf","MUHAMMAD ASHFAQ",6463,0.0236956051490187,"Independents","khawar ahmed khan",19954,0.0731583018944019,2.44180227109196,0.053399542266031,"Pakistan Muslim League (Nawaz)","Delimitation 2018"
2018-07-25,"General Election","Contested","National","Punjab","NA-114","Jhang-I",492782,307719,0.624452597700403,12970,0.0421488435878188,294749,589,0.00199831042683779,106043,0.35977390932624,"Pakistan Tehreek-e-Insaf","SAHIBZADA MUHAMMAD MEHBOOB SULTAN",105454,0.357775598899403,"Pakistan Peoples Party Parliamentarians","MAKHDOOM SYED FAISAL SALEH HAYAT",65440,0.22201941312778,"Independents","ALEESHA IFTIKHAR",17812,0.0604310786465773,3.24597966166941,0.620554933904831,"Pakistan Tehreek-e-Insaf","Delimitation 2018"
2018-07-25,"General Election","Contested","National","Punjab","NA-117","Nankana Sahib-I",411484,240326,0.58404701033333,6456,0.0268635103983755,233870,2896,0.0123829477915081,71891,0.307397271988712,"Pakistan Muslim League (Nawaz)","CH MUHAMMAD BARJEES TAHIR",68995,0.295014324197204,"Independents","TARIQ MEHMOOD BAJWA",66994,0.286458288792919,"Pakistan Tehreek-e-Insaf","ch bilal ahmed virk",25990,0.111130115021166,3.69254197678066,0.970997898398435,"Pakistan Muslim League (Nawaz)","Delimitation 2018"
2018-07-25,"General Election","Contested","National","Punjab","NA-118","Nankana Sahib-II",371715,217959,0.586360518138897,9257,0.0424712904720613,208702,2405,0.0115236078235953,63818,0.305785282364328,"Pakistan Tehreek-e-Insaf","Ijaz Ahmad Shah",61413,0.294261674540733,"Pakistan Muslim League (Nawaz)","Shezra Mansab Ali Khan Kharal",49345,0.236437600022999,"Tehreek-e-Labbaik Pakistan","Syed Afzaal Hussain Rizvi",34126,0.16351544307194,4.06948637283618,0.803494374155309,"Pakistan Tehreek-e-Insaf","Delimitation 2018"
2018-07-25,"General Election","Contested","National","Punjab","NA-131","Lahore-IX",364213,192546,0.528663172374407,3835,0.0199173184589657,188711,680,0.00360339354886574,84313,0.446783706302229,"Pakistan Tehreek-e-Insaf","Imran Ahmed Khan Niazi",83633,0.443180312753364,"Pakistan Muslim League (Nawaz)","Khawaja Saad Rafique",9780,0.0518252778057453,"Tehreek-e-Labbaik Pakistan","Syed Murtaza Hassan",10985,0.0582107031386618,2.49927842758895,0.116939485609747,"Pakistan Tehreek-e-Insaf","Delimitation 2018"
2018-07-25,"General Election","Contested","National","Punjab","NA-139","Kasur-III",477465,326018,0.682810258343543,8970,0.0275138182554337,317048,8874,0.0279894527011683,121767,0.384064873457647,"Pakistan Muslim League (Nawaz)","RANA MUHAMMAD ISHAQ KHAN",112893,0.356075420756479,"Pakistan Tehreek-e-Insaf","AZEEM UD DIN ZAHID",40352,0.127274103605763,"Independents","SARDAR MUHAMAD ATIF NAKAI",42036,0.132585602180112,3.39773199840979,0.357435802042642,"Pakistan Muslim League (Nawaz)","Delimitation 2018"
2018-07-25,"General Election","Contested","National","Punjab","NA-140","Kasur-IV",477211,289434,0.606511585022139,7453,0.0257502573989234,281981,236,0.000836935821917129,124621,0.441948216369188,"Pakistan Tehreek-e-Insaf","SARDAR TALIB HASSAN NAKAI",124385,0.441111280547271,"Pakistan Muslim League (Nawaz)","RANA MUHAMMAD HAYAT KHAN",15500,0.0549682425411641,"Tehreek-e-Labbaik Pakistan","RANA TANVEER RIAZ KHAN",17475,0.061972260542377,2.53992348424895,0.124613096434458,"Pakistan Tehreek-e-Insaf","Delimitation 2018"
2018-07-25,"General Election","Contested","National","Punjab","NA-151","Khanewal-II",404946,237392,0.586231250586498,3638,0.0153248635168835,233754,1678,0.00717848678525285,111198,0.475705228573629,"Pakistan Muslim League (Nawaz)","Muhammad Khan Daha",109520,0.468526741788376,"Pakistan Tehreek-e-Insaf","Ahmad Yar Hiraj",8973,0.0383865088939655,"Tehreek-e-Labbaik Pakistan","Muhammad Amir Sohail",4063,0.0173815207440301,2.23507835094445,0.0819302410518627,"Pakistan Muslim League (Nawaz)","Delimitation 2018"
2018-07-25,"General Election","Contested","National","Punjab","NA-159","Multan-VI",413257,233413,0.564813179208096,6628,0.0283960190734878,226785,3232,0.0142513834689244,102606,0.452437330511277,"Pakistan Tehreek-e-Insaf","Rana Muhammad Qasim Noon",99374,0.438185947042353,"Pakistan Muslim League (Nawaz)","Muhammad Zulqarnain Bukhari",7610,0.0335560112000353,"Independents","Dewan Syed Muhammad Haider Ali Bukhari",17195,0.0758207112463346,2.5064378528069,0.0765793869623845,"Pakistan Tehreek-e-Insaf","Delimitation 2018"
2018-07-25,"General Election","Contested","National","Punjab","NA-172","Bahawalpur-III",357821,229275,0.640753337562636,4594,0.0200370733834914,224681,4412,0.019636729407471,106383,0.473484629318901,"Pakistan Muslim League (Qaid-e-Azam)","Chaudhary Tariq Bashir Cheema",101971,0.45384789991143,"Pakistan Muslim League (Nawaz)","Saud Majeed",9180,0.0408579274616011,"Tehreek-e-Labbaik Pakistan","Zulfiqar Ali",7147,0.0318095433080679,2.31205297191315,0.0900255955124496,"Other Parties","Delimitation 2018"
2018-07-25,"General Election","Contested","National","Punjab","NA-174","Bahawalpur-V",368433,194025,0.526622208108394,6925,0.035691276897307,187100,5792,0.0309567076429717,63884,0.341443078567611,"Pakistan Tehreek-e-Insaf","Makhdoom Syed Sami ul Hassan Gillani",58092,0.310486370924639,"Independents","PRINCE BAHAWAL ABBAS ABBASI",51359,0.274500267236772,"Pakistan Peoples Party Parliamentarians","Makhdoom Syed Ali Hassan Gillani",13765,0.0735702832709781,3.44496872756684,0.884097638229016,"Pakistan Tehreek-e-Insaf","Delimitation 2018"
2018-07-25,"General Election","Contested","National","Punjab","NA-182","Muzaffargarh-II",334653,204090,0.609855581751844,6491,0.0318045960115635,197599,2488,0.0125911568378382,53054,0.268493261605575,"Pakistan Peoples Party Parliamentarians","Mahar Irshad Ahmad Khan",50566,0.255902104767737,"Pakistan Awami Raj","Jamshed Ahmed",47642,0.241104459030663,"Pakistan Muslim League (Nawaz)","Hammad Nawaz Khan",46337,0.234500174596025,4.41892838245015,0.942174583712376,"Pakistan Peoples Party Parliamentarians","Delimitation 2018"
2018-07-25,"General Election","Contested","National","Punjab","NA-187","Layyah-I",457525,290288,0.634474618873286,9516,0.0327812379430083,280772,5678,0.0202228142407363,93903,0.334445742452951,"Pakistan Tehreek-e-Insaf","Abdul Majeed Khan",88225,0.314222928212215,"Independents","Sardar Bahadur Ahmed Khan",64344,0.229168150670295,"Pakistan Muslim League (Nawaz)","Sahibzada Faiz ul Hassan",34300,0.122163178664539,3.71525757738338,0.729317086993483,"Pakistan Tehreek-e-Insaf","Delimitation 2018"
2018-07-25,"General Election","Contested","National","Punjab","NA-188","Layyah-II",449098,287493,0.640156491456208,8076,0.0280911187402824,279417,6477,0.0231804077776227,109420,0.391601083684958,"Pakistan Tehreek-e-Insaf","Niaz Ahmed",102943,0.368420675907336,"Pakistan Muslim League (Nawaz)","Syed Muhammad Saqlain Bukhari",37491,0.134175801758662,"Pakistan Peoples Party Parliamentarians","Muhammad Ramzan",29563,0.105802438649044,3.22161774132366,0.364191834316078,"Pakistan Tehreek-e-Insaf","Delimitation 2018"
2018-07-25,"General Election","Contested","National","Punjab","NA-190","Dera Ghazi Khan-II",315269,162845,0.516527156174568,5079,0.0311891676133747,157766,195,0.00123600775832561,72159,0.457379917092403,"Independents","MUHAMMAD AMJAD FAROOQ KHAN KHOSA",71964,0.456143909334077,"Pakistan Tehreek-e-Insaf","SARDAR ZULFIQAR ALI KHAN KHOSA",6343,0.0402051139028688,"Tehreek-e-Labbaik Pakistan","GHULAM MUSTAFA LASHARI",7300,0.0462710596706515,2.37828264543999,0.0881412928686565,"Independents","Delimitation 2018"
2018-07-25,"General Election","Contested","National","Punjab","NA-73","Sialkot-II",488393,253925,0.519919409164341,7386,0.0290873289357094,246539,1493,0.00605583700753226,116957,0.474395531741428,"Pakistan Muslim League (Nawaz)","Khawaja Muhammad Asif",115464,0.468339694733896,"Pakistan Tehreek-e-Insaf","Muhammad Usman Dar",9953,0.0403708946657527,"Tehreek-e-Labbaik Pakistan","Rana Muhammad Naeem Javid",4165,0.0168938788589229,2.24167656226097,0.0862000277142659,"Pakistan Muslim League (Nawaz)","Delimitation 2018"
2018-07-25,"General Election","Contested","National","Punjab","NA-74","Sialkot-III",475866,263606,0.553950061571955,8928,0.0338687283294007,254678,3501,0.0137467704316823,97235,0.381795836310949,"Pakistan Muslim League (Nawaz)","Ali Zahid",93734,0.368049065879267,"Pakistan Tehreek-e-Insaf","GHULAM ABBAS",34295,0.134660237633404,"Tehreek-e-Labbaik Pakistan","SHUJAAT ALI",29414,0.11549486017638,3.27940469956947,0.36587577613246,"Pakistan Muslim League (Nawaz)","Delimitation 2018"
2018-07-25,"General Election","Contested","National","Punjab","NA-87","Hafizabad-I",684447,404723,0.591313863600834,9565,0.0236334480620078,395158,8165,0.0206626210275384,165618,0.419118428577936,"Pakistan Tehreek-e-Insaf","Ch  Shoukat Ali Bhatti",157453,0.398455807550398,"Pakistan Muslim League (Nawaz)","Saira Tarar",44130,0.111676848248043,"Tehreek-e-Labbaik Pakistan","Liaqat Abbas",27957,0.070748915623624,2.87589545968701,0.280274113544994,"Pakistan Tehreek-e-Insaf","Delimitation 2018"
2018-07-25,"General Election","Contested","National","Punjab","NA-89","Sargodha-II",443614,261441,0.589343438214303,6869,0.0262736143145107,254572,823,0.00323287714281223,114245,0.448772842260736,"Pakistan Muslim League (Nawaz)","Mohsin Nawaz Ranjha",113422,0.445539965117923,"Pakistan Tehreek-e-Insaf","Usama Ahmad Mela",19495,0.0765795138506984,"Pakistan Peoples Party Parliamentarians","Muhammad Aslam",7410,0.0291076787706425,2.46273653905469,0.171880234875068,"Pakistan Muslim League (Nawaz)","Delimitation 2018"
2018-07-25,"General Election","Contested","National","Punjab","NA-91","Sargodha-IV",457921,272293,0.594628767844235,6733,0.0247270403572622,265560,279,0.00105061003163126,110525,0.416195963247477,"Pakistan Muslim League (Nawaz)","Zulfiqar Ali Bhatti",110246,0.415145353215846,"Pakistan Tehreek-e-Insaf","CHOUDHARY AMIR SULTAN CHEEMA",11397,0.0429168549480343,"Allah-o-Akbar Tehreek","Hafiz talha saeed",33392,0.125741828588643,2.85743293403999,0.103377900331985,"Pakistan Muslim League (Nawaz)","Delimitation 2018"
2018-07-25,"General Election","Contested","National","Punjab","NA-94","Khushab-II",399794,237851,0.594933890953841,8757,0.0368171670499598,229094,8755,0.0382157542318874,93864,0.409718281578741,"Pakistan Tehreek-e-Insaf","MALIK MUHAMMAD EHSAN ULLAH TIWANA",85109,0.371502527346853,"Pakistan Muslim League (Nawaz)","MALIK SHAKIR BASHIR AWAN",43738,0.190917265401975,"Independents","Gul Asghar Khan Bhagoor",6383,0.0278619256724314,2.9188835178752,0.513905697399805,"Pakistan Tehreek-e-Insaf","Delimitation 2018"
2018-07-25,"General Election","Contested","National","Punjab","NA-98","Bhakkar-II",434072,295087,0.679811183398146,7705,0.0261109435522405,287382,4628,0.0161040009464754,138307,0.481265354127955,"Pakistan Tehreek-e-Insaf","Muhammad Afzal Khan",133679,0.46516135318148,"Independents","Rashid Akbar Khan",6613,0.0230111837206227,"Tehreek-e-Labbaik Pakistan","Hafiz Muhammad Zulfiqar",8783,0.0305621089699424,2.22820806549912,0.0494692509668684,"Pakistan Tehreek-e-Insaf","Delimitation 2018"
2018-07-25,"General Election","Contested","National","Sindh","NA-196","Jacobabad",486064,216726,0.445879554955726,13660,0.0630288936260532,203066,5398,0.0265824904218333,92274,0.454403986881113,"Pakistan Tehreek-e-Insaf","Muhammad Mian Soomro",86876,0.427821496459279,"Pakistan Peoples Party Parliamentarians","Aijaz Hussain Jakhrani",12739,0.0627332985334817,"Muttahidda Majlis-e-Amal Pakistan","Abdul Ghani AG Ansari",11177,0.0550412181261265,2.53643129353387,0.146634283346379,"Pakistan Tehreek-e-Insaf","Delimitation 2018"
2018-07-25,"General Election","Contested","National","Sindh","NA-199","Shikarpur-II",291567,145047,0.497473993970511,8011,0.055230373603039,137036,6798,0.0496074024343968,62785,0.458164277999942,"Grand Democratic Alliance","Ghous Bux Khan Mahar",55987,0.408556875565545,"Pakistan Peoples Party Parliamentarians","Zulfiqar Ali Kamario",16663,0.121595785049184,"Muttahidda Majlis-e-Amal Pakistan","Abdullah",1601,0.0116830613853294,2.55310848055824,0.297622662403772,"Other Parties","Delimitation 2018"
2018-07-25,"General Election","Contested","National","Sindh","NA-204","Ghotki-I",366842,214127,0.583703610818827,10058,0.0469721240198574,204069,8139,0.0398835687929083,99878,0.489432495871494,"Pakistan Peoples Party Parliamentarians","Khalid Ahmed Khan Lund",91739,0.449548927078586,"Independents","Abdul Haque alias Mian Mitha",7406,0.0362916464529154,"Muttahidda Majlis-e-Amal Pakistan","Mohammad Yousif",5046,0.024726930597004,2.25697588417951,0.0807290247332105,"Pakistan Peoples Party Parliamentarians","Delimitation 2018"
2018-07-25,"General Election","Contested","National","Sindh","NA-212","Naushahro Feroze-II",369531,202067,0.546820158525266,7976,0.0394720562981585,194091,5905,0.0304238733377642,90266,0.465070508163696,"Pakistan Peoples Party Parliamentarians","Zulfiqar Ali Behan",84361,0.434646634825932,"Grand Democratic Alliance","Ghulam Murtaza Khan Jatoi",7850,0.0404449459274258,"Independents","Abdul Haq Dost Muhammad",11614,0.0598379110829456,2.4535129161578,0.093052476855419,"Pakistan Peoples Party Parliamentarians","Delimitation 2018"
2018-07-25,"General Election","Contested","National","Sindh","NA-215","Sanghar-I",313950,172246,0.548641503424112,7767,0.0450924840054341,164479,585,0.00355668504793927,77812,0.473081670000426,"Pakistan Peoples Party Parliamentarians","Naveed Dero",77227,0.469524984952486,"Grand Democratic Alliance","HAJI KHUDA BAKSH",2618,0.0159169255649657,"Pakistan Muslim League (Nawaz)","MUHAMMAD ISHAQ",6822,0.0414764194821223,2.24722157632827,0.0339000608595439,"Pakistan Peoples Party Parliamentarians","Delimitation 2018"
2018-07-25,"General Election","Contested","National","Sindh","NA-221","Tharparkar-I",242458,166527,0.686828234168392,9341,0.0560930059389769,157186,6971,0.0443487333477536,79098,0.503212754316542,"Pakistan Peoples Party Parliamentarians","Pir Noor Muhammad Shah Jeelani",72127,0.458864020968789,"Pakistan Tehreek-e-Insaf","Makhdoom Shah Mahmood Hussain Qureshi",2547,0.0162037331568969,"Independents","Dilawar Khan",3414,0.0217194915577723,2.15395956774161,0.035312712299139,"Pakistan Peoples Party Parliamentarians","Delimitation 2018"
2018-07-25,"General Election","Contested","National","Sindh","NA-230","Badin-II",371879,216319,0.581691894406514,10263,0.0474438213934051,206056,860,0.00417362270450755,96875,0.470139185464146,"Grand Democratic Alliance","Fehmida Mirza",96015,0.465965562759638,"Pakistan Peoples Party Parliamentarians","Haji Rasool Bux Chandio",7578,0.0367764102962302,"Muttahidda Majlis-e-Amal Pakistan","Fateh Muhammad",5588,0.027118841479986,2.27426554476274,0.078925167942509,"Other Parties","Delimitation 2018"
2018-07-25,"General Election","Contested","National","Sindh","NA-237","Malir-II",283882,114683,0.403981231638498,2184,0.019043798993748,112499,1373,0.0122045529293593,33280,0.29582485177646,"Pakistan Tehreek-e-Insaf","Jamil Ahmed Khan",31907,0.283620298847101,"Pakistan Peoples Party Parliamentarians","Abdul Hakeem Baloch",14099,0.125325558449408,"Pakistan Muslim League (Nawaz)","Zain ul Abdin Ansari",33213,0.29522929092703,4.83240474744723,0.4418779578149,"Pakistan Tehreek-e-Insaf","Delimitation 2018"
2018-07-25,"General Election","Contested","National","Sindh","NA-239","Korangi Karachi-I",528732,224218,0.424067391419471,3281,0.0146330803057738,220937,336,0.00152079552089512,69147,0.312971571081349,"Pakistan Tehreek-e-Insaf","MUHAMMAD AKRAM",68811,0.311450775560454,"Muttahida Qaumi Movement Pakistan","SOHAIL MANSOOR KHAWAJA",30109,0.136278667674495,"Tehreek-e-Labbaik Pakistan","Syed Zaman Ali",52870,0.239298985683702,4.38806223362063,0.437560855095842,"Pakistan Tehreek-e-Insaf","Delimitation 2018"
2018-07-25,"General Election","Contested","National","Sindh","NA-248","Karachi West-I",303258,124670,0.41110209788365,3078,0.024689179433705,121592,1023,0.00841338245937229,35124,0.288867688663728,"Pakistan Peoples Party Parliamentarians","Abdul Qadir Patel",34101,0.280454306204356,"Pakistan Tehreek-e-Insaf","Sardar Aziz",20732,0.170504638463057,"Pakistan Muslim League (Nawaz)","Muhammad Salman Khan",31635,0.26017336666886,4.73868674710267,0.607958710888244,"Pakistan Peoples Party Parliamentarians","Delimitation 2018"
2018-07-25,"General Election","Contested","National","Sindh","NA-249","Karachi West-II",331430,131185,0.39581510424524,2684,0.0204596562106948,128501,718,0.00558750515560186,35344,0.275048443202777,"Pakistan Tehreek-e-Insaf","Muhammad Faisal Vawda",34626,0.269460938047175,"Pakistan Muslim League (Nawaz)","Mian Muhammad Shehbaz Sharif",23981,0.186621115788982,"Tehreek-e-Labbaik Pakistan","Abid Hussain",34550,0.268869502961066,4.90257305038503,0.692572055680702,"Pakistan Tehreek-e-Insaf","Delimitation 2018"
2018-07-25,"General Election","Contested","Provincial","Balochistan","PB-1","Musakhail-cum-Sherani",104815,39268,0.37464103420312,1887,0.0480543954364877,37381,139,0.00371846660067948,12054,0.322463283486263,"Muttahidda Majlis-e-Amal Pakistan","Haji Muhammad Hassan Sherani",11915,0.318744816885584,"Pakistan Tehreek-e-Insaf","Sardar Babar Khan",6017,0.160964126160349,"Paktunkhwa Milli Awami Party","Sultan Muhammad Sherani",7395,0.197827773467805,4.01068130197205,0.504993705413345,"Muttahidda Majlis-e-Amal Pakistan","Delimitation 2018"
2018-07-25,"General Election","Contested","Provincial","Balochistan","PB-11","Nasirabad-I",103992,40615,0.390558889145319,3923,0.096589929828881,36692,3106,0.0846506050365202,10007,0.272729750354301,"Balochistan Awami Party","Mir Sikandar Ali",6901,0.18807914531778,"Pakistan Peoples Party Parliamentarians","Mir Muhammad Sadiq Umrani",5352,0.14586285838875,"Pakistan Tehreek-e-Insaf","Mir Shaukat Ali",14432,0.393328245939169,6.28725129626239,0.775539776843936,"Other Parties","Delimitation 2018"
2018-07-25,"General Election","Contested","Provincial","Balochistan","PB-12","Nasirabad-II",102898,41002,0.398472273513577,4859,0.118506414321253,36143,4161,0.115126027169853,15353,0.424784882273193,"Balochistan Awami Party","Muhammad Khan",11192,0.30965885510334,"Independents","Ghulam Rasool",5985,0.165592230860748,"Muttahidda Majlis-e-Amal Pakistan","Nizam ud Din Lehri",3613,0.0999640317627203,3.25962964830266,0.53475696926376,"Other Parties","Delimitation 2018"
2018-07-25,"General Election","Contested","Provincial","Balochistan","PB-13","Jaffarabad-I",111515,46062,0.413056539478994,3449,0.0748773392384178,42613,1077,0.0252739774247296,18922,0.444042897707272,"Pakistan Tehreek-e-Insaf","Umar Khan Jamali",17845,0.418768920282543,"Independents","Rahat Jamali",2863,0.067186069978645,"Pakistan Peoples Party Parliamentarians","Zareena Gul",2983,0.0700021120315397,2.63641874965847,0.160437097226114,"Pakistan Tehreek-e-Insaf","Delimitation 2018"
2018-07-25,"General Election","Contested","Provincial","Balochistan","PB-17","Kachhi",99865,36795,0.368447403995394,2158,0.0586492729990488,34637,1649,0.0476080491959465,16531,0.47726419724572,"Pakistan Tehreek-e-Insaf","Sardar Yar Muhammad Rind",14882,0.429656148049773,"Balochistan Awami Party","Mir Muhammad Asim Kurd",974,0.0281202182637064,"Independents","Mhammad Younis",2250,0.0649594364408003,2.41659228097386,0.0654481924472517,"Pakistan Tehreek-e-Insaf","Delimitation 2018"
2018-07-25,"General Election","Contested","Provincial","Balochistan","PB-25","Quetta-II",65103,25544,0.392362871142651,1083,0.0423974318822424,24461,920,0.0376108908057725,4750,0.194186664486325,"Muttahidda Majlis-e-Amal Pakistan","Malik Sikandar Khan",3830,0.156575773680553,"Independents","Nawab Salman Khan Khilji",3277,0.133968357794039,"Pakistan Tehreek-e-Insaf","Malik Faisal Khan",12604,0.515269204039083,8.86538191391656,0.855613577023499,"Muttahidda Majlis-e-Amal Pakistan","Delimitation 2018"
2018-07-25,"General Election","Contested","Provincial","Balochistan","PB-31","Quetta-VIII",52632,17279,0.328298373613011,885,0.0512182417964003,16394,422,0.0257411248017567,4274,0.260705136025375,"Paktunkhwa Milli Awami Party","Nasrullah Khan Bareach",3852,0.234964011223618,"Balochistan National Party","Mir Lashkari Raisani",3450,0.210442844943272,"Balochistan Awami Party","Mir Muhammad Usman Pirkani",4818,0.293888007807735,4.75753951006147,0.895638629283489,"Other Parties","Delimitation 2018"
2018-07-25,"General Election","Contested","Provincial","Balochistan","PB-36","Shaheed Sikandarabad",49088,26929,0.548586212516297,2688,0.0998180400311931,24241,1038,0.042820015675921,10962,0.452209067282703,"Independents","Mir Niamatullah Zehri",9924,0.409389051606782,"Balochistan National Party (Awami)","Mir Zafarullah Khan Zehri",2515,0.103749845303412,"Muttahidda Majlis-e-Amal Pakistan","Hafiz Muhammad Ibrahim Lehri",840,0.0346520358071037,2.60996454270034,0.253426037887948,"Independents","Delimitation 2018"
2018-07-25,"General Election","Contested","Provincial","Balochistan","PB-37","Kalat",85009,46181,0.543248361938148,2816,0.0609774582620558,43365,22,0.000507321572696895,12676,0.292309466159345,"Balochistan Awami Party","Mir Zia Ullah",12654,0.291802144586648,"Muttahidda Majlis-e-Amal Pakistan","Sardarzada Mir Saeed Ahmed",9312,0.214735385679696,"Balochistan National Movement","Sardarzada Muhammad Naeem",8723,0.201153003574311,4.49098191758137,0.735893788525367,"Other Parties","Delimitation 2018"
2018-07-25,"General Election","Contested","Provincial","Balochistan","PB-38","Khuzdar-I",66064,37363,0.565557641075321,2850,0.0762786714128951,34513,34,0.000985136035696665,11814,0.342305797815316,"Pakistan Muslim League (Nawaz)","Sardar Sanaullah Zehri",11780,0.341320661779619,"Muttahidda Majlis-e-Amal Pakistan","Abdul Khaliq",7320,0.212093993567641,"Balochistan National Party","Nawabzada Mir Isrurullah",3599,0.104279546837424,3.55951931926493,0.621392190152801,"Pakistan Muslim League (Nawaz)","Delimitation 2018"
2018-07-25,"General Election","Contested","Provincial","Balochistan","PB-4","Loralai",89760,47612,0.530436720142602,1926,0.0404519868940603,45686,1499,0.0328109267609333,13461,0.294641684542311,"Balochistan Awami Party","Muhammad Khan",11962,0.261830757781377,"Muttahidda Majlis-e-Amal Pakistan","Molvi Faiz Ullah",8138,0.178128967298516,"Independents","Shams Ud Din",12125,0.265398590377796,4.89808177992197,0.680321016552416,"Other Parties","Delimitation 2018"
2018-07-25,"General Election","Contested","Provincial","Balochistan","PB-41","Washuk",53156,29280,0.550831514786666,1942,0.0663251366120219,27338,460,0.0168263954934523,12782,0.467554319994147,"Muttahidda Majlis-e-Amal Pakistan","Zabid Ali",12322,0.450727924500695,"Balochistan Awami Party","Mir Mujeeb ur Rehman Muhammad Hassani",737,0.0269588119101617,"Balochistan National Party","Saif ur Rehman",1497,0.054758943594996,2.3629668343669,0.0598117188768057,"Muttahidda Majlis-e-Amal Pakistan","Delimitation 2018"
2018-07-25,"General Election","Contested","Provincial","Balochistan","PB-44","Awaran-cum-Panjgur",104211,35723,0.342794906487799,3063,0.0857430786887999,32660,2093,0.0640845070422535,8055,0.246631965707287,"Balochistan Awami Party","Abdul Qudoos",5962,0.182547458665034,"National Party","Khair Jan",3912,0.119779546846295,"Balochistan National Party (Awami)","Asadullah",14731,0.451041028781384,7.46080716938769,0.656155652465616,"Other Parties","Delimitation 2018"
2018-07-25,"General Election","Contested","Provincial","Balochistan","PB-6","Ziarat-cum-Harnai",106491,65176,0.612032941750946,2497,0.0383116484595557,62679,1131,0.0180443210644713,20411,0.325643357424337,"Balochistan Awami Party","Noor Muhammad Son of Ibrahim",19280,0.307599036359865,"Muttahidda Majlis-e-Amal Pakistan","Muheeb Ullah",11732,0.187175928141802,"Paktunkhwa Milli Awami Party","Abdul Rahim",11256,0.179581678073996,4.05753284137896,0.60850622406639,"Other Parties","Delimitation 2018"
2018-07-25,"General Election","Contested","Provincial","Balochistan","PB-8","Barkhan",68470,44603,0.651423981305681,3009,0.0674618299217541,41594,154,0.00370245708515654,18271,0.439270087031783,"Independents","Sardar Abdul Rehman Khetran",18117,0.435567629946627,"National Party","Abdul Kareem",3125,0.0751310285137279,"Balochistan Awami Party","Mir Shahjahan Khan Khetran",2081,0.0500312545078617,2.57279540898573,0.172489926588287,"Independents","Delimitation 2018"
2018-07-25,"General Election","Contested","Provincial","Balochistan","PB-9","Kohlu",59031,16987,0.287764056173875,1996,0.11750161888503,14991,718,0.0478954039090121,3220,0.214795543993062,"Pakistan Tehreek-e-Insaf","Mir Naseeb Ullah Khan",2502,0.16690014008405,"Balochistan Awami Party","Nawab Changaiz Khan Marri",2283,0.152291374824895,"Independents","Mir Shah Nwaz Khan Marri",6986,0.466012941097992,7.26573136318593,0.912470023980815,"Pakistan Tehreek-e-Insaf","Delimitation 2018"
2018-07-25,"General Election","Contested","Provincial","Khyber Paktunkhwa","PK-10","Upper Dir-I",150518,74519,0.495083644481059,3172,0.042566325366685,71347,1542,0.0216126816824814,21152,0.296466564817021,"Pakistan Peoples Party Parliamentarians","Malak Badshah Saleh",19610,0.27485388313454,"Muttahidda Majlis-e-Amal Pakistan","Muhammad Ali",10914,0.15297069253087,"Pakistan Tehreek-e-Insaf","Hameeda Shahid",19671,0.275708859517569,4.74825177249115,0.556552779194289,"Pakistan Peoples Party Parliamentarians","Delimitation 2018"
2018-07-25,"General Election","Contested","Provincial","Khyber Paktunkhwa","PK-14","Lower Dir-II",160377,77239,0.481608958890614,2736,0.0354225197115447,74503,1361,0.0182677207629223,19600,0.263076654631357,"Pakistan Tehreek-e-Insaf","Hamayun Khan",18239,0.244808933868435,"Pakistan Peoples Party Parliamentarians","Bakht Baidar",14541,0.195173348724212,"Muttahidda Majlis-e-Amal Pakistan","Zakir Ullah Khan",22123,0.296941062775996,5.29360200013367,0.797247656121498,"Pakistan Tehreek-e-Insaf","Delimitation 2018"
2018-07-25,"General Election","Contested","Provincial","Khyber Paktunkhwa","PK-21","Buner-II",142617,58848,0.412629630408717,2600,0.0441816204458945,56248,304,0.00540463660930163,16613,0.295352723652397,"Pakistan Tehreek-e-Insaf","Syed Fakhr e Jehan",16309,0.289948087043095,"Muttahidda Majlis-e-Amal Pakistan","Nasar Ali",15764,0.28025885364813,"Awami National Party","Qaisar Wali Khan",7562,0.134440335656379,3.8562553080168,0.966582868354896,"Pakistan Tehreek-e-Insaf","Delimitation 2018"
2018-07-25,"General Election","Contested","Provincial","Khyber Paktunkhwa","PK-23","Shangla-I",200525,71245,0.355292357561401,2693,0.0377991437995649,68552,1705,0.0248716302952503,17712,0.258373205741627,"Pakistan Tehreek-e-Insaf","Shaukat Ali",16007,0.233501575446376,"Pakistan Muslim League (Nawaz)","Muhammad Rashad Khan",14372,0.209651067802544,"Awami National Party","Mutawakil Khan",20461,0.298474151009453,5.14231148281177,0.897857187480477,"Pakistan Tehreek-e-Insaf","Delimitation 2018"
2018-07-25,"General Election","Contested","Provincial","Khyber Paktunkhwa","PK-24","Shangla-II",173788,59278,0.341093746403664,2107,0.035544384088532,57171,263,0.00460023438456564,14876,0.260201850588585,"Awami National Party","Faisal Zeb",14613,0.255601616204019,"Pakistan Tehreek-e-Insaf","Abdul Maula",14131,0.247170768396565,"Pakistan Muslim League (Nawaz)","Fazl Ullah Khan",13551,0.237025764810831,4.54352696448147,0.967015670977896,"Other Parties","Delimitation 2018"
2018-07-25,"General Election","Contested","Provincial","Khyber Paktunkhwa","PK-30","Mansehra-I",192381,96235,0.500231311823933,2872,0.0298436119914792,93363,254,0.00272056382078556,29468,0.315628246735859,"Pakistan Muslim League (Nawaz)","Mian Zia ur Rehman",29214,0.312907682915073,"Pakistan Peoples Party Parliamentarians","Syed Ahmad Hussain Shah",13935,0.149256129301758,"Independents","Syed Mazhar Ali Qasim Shah",20746,0.22220794104731,4.26743463141608,0.476997330047238,"Pakistan Muslim League (Nawaz)","Delimitation 2018"
2018-07-25,"General Election","Contested","Provincial","Khyber Paktunkhwa","PK-32","Mansehra-III",193340,92463,0.478240405503259,3416,0.0369445075327428,89047,1949,0.0218873179332263,22768,0.255685199950588,"Pakistan Muslim League (Nawaz)","Muhammad Naheem",20819,0.233797882017362,"Pakistan Tehreek-e-Insaf","Zahid Chanzeb",18960,0.212921266297573,"Muttahidda Majlis-e-Amal Pakistan","Ibrar Hussain",26500,0.297595651734477,4.96496696522686,0.910706566117489,"Pakistan Muslim League (Nawaz)","Delimitation 2018"
2018-07-25,"General Election","Contested","Provincial","Khyber Paktunkhwa","PK-4","Swat-III",146233,59655,0.407944855128459,3236,0.0542452434833627,56419,182,0.00322586362750138,14426,0.255694003793048,"Pakistan Tehreek-e-Insaf","Aziz Ullah Khan",14244,0.252468140165547,"Pakistan Muslim League (Nawaz)","Amir Muqam",9923,0.175880465800528,"Muttahidda Majlis-e-Amal Pakistan","Sana Ullah Khan",17826,0.315957390240876,5.15298390272669,0.696644201067116,"Pakistan Tehreek-e-Insaf","Delimitation 2018"
2018-07-25,"General Election","Contested","Provincial","Khyber Paktunkhwa","PK-46","Swabi-IV",175573,83117,0.47340422502321,3346,0.0402565058892886,79771,1317,0.016509759185669,27431,0.343871833122313,"Pakistan Tehreek-e-Insaf","Muhammad Ali",26114,0.327362073936644,"Awami National Party","Muhammad Ayaz",8452,0.105953291296336,"Muttahidda Majlis-e-Amal Pakistan","Mehmood Ul Hassan",17774,0.222812801644708,3.96340004283619,0.323657808072298,"Pakistan Tehreek-e-Insaf","Delimitation 2018"
2018-07-25,"General Election","Contested","Provincial","Khyber Paktunkhwa","PK-51","Mardan-IV",154748,67756,0.437847338899372,2821,0.0416346891788181,64935,927,0.0142758142758143,19460,0.2996842996843,"Pakistan Tehreek-e-Insaf","Amir Farzand Khan",18533,0.285408485408485,"Awami National Party","Himayatullah Mayar",9975,0.153615153615154,"Muttahidda Majlis-e-Amal Pakistan","Maula Israr Ul Haq",16967,0.261292061292061,4.49961671153848,0.538229104840015,"Pakistan Tehreek-e-Insaf","Delimitation 2018"
2018-07-25,"General Election","Contested","Provincial","Khyber Paktunkhwa","PK-56","Charsadda-I",169630,78383,0.462082178859871,3463,0.0441804983223403,74920,181,0.00241591030432459,20310,0.271089161772557,"Pakistan Tehreek-e-Insaf","Khalid Khan",20129,0.268673251468233,"Muttahidda Majlis-e-Amal Pakistan","Gohar Ali",17313,0.231086492258409,"Qaumi Watan Party","Sikandar Hayat Khan",17168,0.229151094500801,4.70014167783438,0.860102339907596,"Pakistan Tehreek-e-Insaf","Delimitation 2018"
2018-07-25,"General Election","Contested","Provincial","Khyber Paktunkhwa","PK-70","Peshawar-V",111112,50717,0.456449348405213,2095,0.0413076483230475,48622,47,0.000966640615359282,15404,0.316811319978611,"Pakistan Tehreek-e-Insaf","Shah Farman",15357,0.315844679363251,"Awami National Party","Khush Dil Khan Advocate",6452,0.132697132985068,"Muttahidda Majlis-e-Amal Pakistan","Jan Afzal",11409,0.23464686767307,4.17498939537005,0.420134140782705,"Pakistan Tehreek-e-Insaf","Delimitation 2018"
2018-07-25,"General Election","Contested","Provincial","Khyber Paktunkhwa","PK-80","Kohat-I",170204,75079,0.441111842259876,3062,0.0407837078277548,72017,2548,0.0353805351514226,28711,0.398669758529236,"Independents","AMJID KHAN AFRIDI",26163,0.363289223377814,"Pakistan Tehreek-e-Insaf","AFTAB ALAM AFRIDI",12686,0.176152852798645,"Muttahidda Majlis-e-Amal Pakistan","SHAUKAT HABIB",4457,0.0618881652943055,3.09814360054712,0.484883232045255,"Independents","Delimitation 2018"
2018-07-25,"General Election","Contested","Provincial","Khyber Paktunkhwa","PK-81","Kohat-II",168425,62729,0.372444708327149,2539,0.0404756970460234,60190,1175,0.0195215152018607,17498,0.290712742980562,"Muttahidda Majlis-e-Amal Pakistan","Shah Dad Khan",16323,0.271191227778701,"Pakistan Tehreek-e-Insaf","Imtiaz Shahid",10112,0.168001329124439,"Independents","Iqbal Din",16257,0.270094700116298,5.0022977229408,0.619493965570055,"Muttahidda Majlis-e-Amal Pakistan","Delimitation 2018"
2018-07-25,"General Election","Contested","Provincial","Khyber Paktunkhwa","PK-85","Karak-I",214654,103945,0.48424441193735,3704,0.0356342296406754,100241,1374,0.0137069662114304,30253,0.301802655600004,"Muttahidda Majlis-e-Amal Pakistan","MIAN NISAR GUL",28879,0.288095689388574,"Pakistan Tehreek-e-Insaf","FARID KHAN TOOFAN",23122,0.230664099520156,"Independents","JAVED IQBAL",17987,0.179437555491266,4.04294176467515,0.800650992070362,"Muttahidda Majlis-e-Amal Pakistan","Delimitation 2018"
2018-07-25,"General Election","Contested","Provincial","Khyber Paktunkhwa","PK-89","Bannu-III",136459,56645,0.415106368945984,2407,0.0424927178038662,54238,1280,0.0235996902540654,11643,0.21466499502194,"Pakistan Tehreek-e-Insaf","Shah Muhammad Khan",10363,0.191065304767875,"Independents","Sahib Zaman",9350,0.172388362402743,"Muttahidda Majlis-e-Amal Pakistan","Sherin Malik",22882,0.421881337807441,6.12786472186661,0.902248383672682,"Pakistan Tehreek-e-Insaf","Delimitation 2018"
2018-07-25,"General Election","Contested","Provincial","Khyber Paktunkhwa","PK-90","Bannu-IV",167358,71178,0.425303839673036,1470,0.0206524487903566,69708,173,0.0024817811442015,32801,0.470548574051759,"Muttahidda Majlis-e-Amal Pakistan","Akram Khan Durrani",32628,0.468066792907557,"Pakistan Tehreek-e-Insaf","Haji Malik Adnan Khan",2927,0.0419894416709703,"Awami National Party","Abdul Samad Khan",1352,0.0193951913697137,2.26058910227577,0.0897082260635037,"Muttahidda Majlis-e-Amal Pakistan","Delimitation 2018"
2018-07-25,"General Election","Contested","Provincial","Khyber Paktunkhwa","PK-93","Lakki Marwat-III",120436,57712,0.479192268092597,2585,0.0447913778763515,55127,772,0.0140040270647777,17114,0.310446786511147,"Muttahidda Majlis-e-Amal Pakistan","Anwar Hayat Khan",16342,0.296442759446369,"Pakistan Tehreek-e-Insaf","Tariq Saeed",7066,0.128176755491864,"Independents","Zafar Ullah Khan",14605,0.264933698550619,4.51061110223671,0.432382817280627,"Muttahidda Majlis-e-Amal Pakistan","Delimitation 2018"
2018-07-25,"General Election","Contested","Provincial","Khyber Paktunkhwa","PK-96","Dera Ismail Khan-II",123523,69113,0.559515231981089,2720,0.0393558375414177,66393,1724,0.0259665928637055,18416,0.277378639314386,"Pakistan Peoples Party Parliamentarians","Ahmed Kundi",16692,0.25141204645068,"Independents","Sami Ullah",10452,0.157426234693416,"Muttahidda Majlis-e-Amal Pakistan","Sardar Abdul Haleem Qasuria",20833,0.313783079541518,5.10363518922106,0.626168224299065,"Pakistan Peoples Party Parliamentarians","Delimitation 2018"
2018-07-25,"General Election","Contested","Provincial","Khyber Paktunkhwa","PK-98","Dera Ismail Khan-IV",119724,70094,0.585463232100498,3778,0.0538990498473478,66316,966,0.0145666204234273,19808,0.298691115266301,"Muttahidda Majlis-e-Amal Pakistan","Lutaf Ur Rehman",18842,0.284124494842873,"Independents","Fakher Ullah Khan",12658,0.190873997225406,"Independents","Muhammad Fazal Rehman",15008,0.22631039266542,4.12844912064224,0.671797049145526,"Muttahidda Majlis-e-Amal Pakistan","Delimitation 2018"
2018-07-25,"General Election","Contested","Provincial","Punjab","PP-101","Faisalabad-V",232500,127423,0.548055913978495,3004,0.023575021777858,124419,1880,0.0151102323600093,46045,0.370080132455654,"Pakistan Muslim League (Nawaz)","Rai Haidar Ali Khan",44165,0.354969900095645,"Pakistan Tehreek-e-Insaf","Ghulam Haider Bari",14463,0.116244303522774,"Tehreek-e-Labbaik Pakistan","Walayat Ali",19746,0.158705663925928,3.51892200575469,0.327476508547492,"Pakistan Muslim League (Nawaz)","Delimitation 2018"
2018-07-25,"General Election","Contested","Provincial","Punjab","PP-102","Faisalabad-VI",220727,125182,0.567134967629696,3065,0.0244843507852567,122117,1062,0.00869657787204076,37929,0.310595576373478,"Pakistan Tehreek-e-Insaf","ADIL PERVAIZ",36867,0.301898998501437,"Pakistan Muslim League (Nawaz)","SIKANDAR HAYYAT KHAN",10405,0.0852051720890621,"Pakistan Peoples Party Parliamentarians","HASSAN SARDAR",36916,0.302300253036023,4.85668221908782,0.282230721241218,"Pakistan Tehreek-e-Insaf","Delimitation 2018"
2018-07-25,"General Election","Contested","Provincial","Punjab","PP-108","Faisalabad-XII",190232,112302,0.590342318852769,2954,0.026304072946163,109348,2608,0.0238504590847569,46082,0.42142517467169,"Pakistan Muslim League (Nawaz)","Muhammad Ajmal",43474,0.397574715586933,"Pakistan Tehreek-e-Insaf","Aftab Ahmad Khan",8475,0.0775048469107803,"Independents","Shabbir Hussain Khan",11317,0.103495262830596,2.88859597432163,0.194944104522243,"Pakistan Muslim League (Nawaz)","Delimitation 2018"
2018-07-25,"General Election","Contested","Provincial","Punjab","PP-115","Faisalabad-XIX",207450,120315,0.579971077368041,1687,0.0140215268254166,118628,420,0.00354047948207847,53784,0.453383686819301,"Pakistan Muslim League (Nawaz)","Ali Abbas Khan",53364,0.449843207337222,"Pakistan Tehreek-e-Insaf","Asad Muazzam",4080,0.0343932292544762,"Tehreek-e-Labbaik Pakistan","Talib Hussain",7400,0.0623798765890009,2.43717615357982,0.0764560377782775,"Pakistan Muslim League (Nawaz)","Delimitation 2018"
2018-07-25,"General Election","Contested","Provincial","Punjab","PP-118","Toba Tek Singh-I",221175,131524,0.594660336837346,4439,0.0337504942063806,127085,548,0.00431207459574301,43322,0.340889955541567,"Pakistan Muslim League (Nawaz)","chaudhary khalid javaid",42774,0.336577880945824,"Pakistan Tehreek-e-Insaf","ASAD ZAMAN",29185,0.229649447220364,"Pakistan National Muslim League","CHAUDHARY BILAL ASGHAR",11804,0.0928827162922453,3.46347299759393,0.682307008930659,"Pakistan Muslim League (Nawaz)","Delimitation 2018"
2018-07-25,"General Election","Contested","Provincial","Punjab","PP-123","Toba Tek Singh-VI",217499,132695,0.610094759056363,4555,0.0343268397452805,128140,40,0.00031215857655692,53145,0.414741688777899,"Pakistan Tehreek-e-Insaf","SONIA",53105,0.414429530201342,"Pakistan Muslim League (Nawaz)","SYED QUTAB ALI SHAH",17826,0.139113469642578,"Independents","IRFAN UL HASSAN CHAUDHARY",4064,0.0317153113781801,2.75178709771697,0.335674606910837,"Pakistan Tehreek-e-Insaf","Delimitation 2018"
2018-07-25,"General Election","Contested","Provincial","Punjab","PP-127","Jhang-IV",195839,119907,0.612273346984002,6025,0.0502472749714362,113882,790,0.00693700497005673,27399,0.240591138195676,"Independents","Mehar  Muhammad Aslam",26609,0.23365413322562,"Pakistan Tehreek-e-Insaf","Mehar Muhammad Nawaz",10052,0.0882668024797598,"Independents","Khuram Abbas Sial",49822,0.437487926098945,6.8119721943503,0.37776692096659,"Independents","Delimitation 2018"
2018-07-25,"General Election","Contested","Provincial","Punjab","PP-128","Jhang-V",208743,129723,0.621448383897903,5403,0.0416502856085659,124320,3148,0.0253217503217503,49930,0.401624839124839,"Pakistan Tehreek-e-Insaf","Ghazanfar Abbas Shah",46782,0.376303088803089,"Independents","Khalid Mahmood",14706,0.118291505791506,"Independents","MUHAMMAD ASIF MUAVIA",12902,0.103780566280566,3.12302798074952,0.314351673720662,"Pakistan Tehreek-e-Insaf","Delimitation 2018"
2018-07-25,"General Election","Contested","Provincial","Punjab","PP-129","Jhang-VI",187204,117523,0.627780389307921,5018,0.0426980250674336,112505,954,0.00847962312786099,23281,0.20693302519888,"Pakistan Tehreek-e-Insaf","Mian Muhammad Asif",22327,0.198453402071019,"Independents","Madhulal Hussain",21834,0.194071374605573,"Independents","KHALID GHANI",45063,0.400542198124528,6.35973198133058,0.977919111389797,"Pakistan Tehreek-e-Insaf","Delimitation 2018"
2018-07-25,"General Election","Contested","Provincial","Punjab","PP-131","Nankana Sahib-I",208085,123868,0.595275968954994,2613,0.0210950366519198,121255,1239,0.0102181353346254,37086,0.305851305100821,"Pakistan Muslim League (Nawaz)","Mian Ijaz Hussain Bhatti",35847,0.295633169766195,"Independents","Shazia Cheema",31722,0.26161395406375,"Pakistan Tehreek-e-Insaf","Tariq Saeed Ghuman",16600,0.136901571069234,3.79908445681593,0.884927609004938,"Pakistan Muslim League (Nawaz)","Delimitation 2018"
2018-07-25,"General Election","Contested","Provincial","Punjab","PP-133","Nankana Sahib-III",181562,107040,0.589550676903757,4054,0.0378736920777279,102986,2362,0.022935156234828,26419,0.256530013788282,"Pakistan Muslim League (Nawaz)","Mohammad Kashif",24057,0.233594857553454,"Pakistan Tehreek-e-Insaf","Shahid Manzoor",22867,0.22203988891694,"Pakistan Peoples Party Parliamentarians","Syed Ibrar Hussain Shah",29643,0.287835239741324,5.2674711942981,0.950534148065012,"Pakistan Muslim League (Nawaz)","Delimitation 2018"
2018-07-25,"General Election","Contested","Provincial","Punjab","PP-134","Nankana Sahib-IV",190153,108690,0.571592349318707,4087,0.0376023553224768,104603,2292,0.0219114174545663,28422,0.271713048382934,"Pakistan Muslim League (Nawaz)","Agha Ali Haidar",26130,0.249801630928367,"Pakistan Tehreek-e-Insaf","Rai Muhammad Aslam Khan",18729,0.179048402053478,"Independents","Jamil Hassan Khan",31322,0.299436918635221,4.93963153078028,0.716762342135477,"Pakistan Muslim League (Nawaz)","Delimitation 2018"
2018-07-25,"General Election","Contested","Provincial","Punjab","PP-139","Sheikhupura-V",194875,114689,0.588525978191148,4616,0.0402479749583657,110073,3891,0.0353492682129132,30994,0.281576771778729,"Pakistan Muslim League (Nawaz)","MIAN JALEEL AHMAD",27103,0.246227503565815,"Pakistan Tehreek-e-Insaf","JAHANZEB RAO",17847,0.162137853969638,"Tehreek-e-Labbaik Pakistan","MUHAMMAD RAUF",34129,0.310057870685818,5.16349460525821,0.658487990259381,"Pakistan Muslim League (Nawaz)","Delimitation 2018"
2018-07-25,"General Election","Contested","Provincial","Punjab","PP-143","Sheikhupura-IX",246520,140668,0.570614960246633,4922,0.0349901896664487,135746,1069,0.00787500184167489,31388,0.231225966142649,"Pakistan Muslim League (Nawaz)","SAJJAD HAIDER NADEEM",30319,0.223350964300974,"Pakistan Tehreek-e-Insaf","RANA WAHEED AHMAD",29862,0.219984382596909,"Independents","MUHAMMAD SARFRAZ",44177,0.325438686959468,5.91628445099094,0.984926943500775,"Pakistan Muslim League (Nawaz)","Delimitation 2018"
2018-07-25,"General Election","Contested","Provincial","Punjab","PP-162","Lahore-XIX",187809,98583,0.52491094675974,1724,0.0174878021565584,96859,722,0.00745413436025566,42012,0.43374389576601,"Pakistan Muslim League (Nawaz)","MUHAMMAD YASIN AMIR",41290,0.426289761405755,"Pakistan Tehreek-e-Insaf","Abdul Aleem Khan",4970,0.051311700513117,"Tehreek-e-Labbaik Pakistan","MUZAFFIR HUSSAIN",8587,0.0886546423151179,2.66714772055822,0.120368127875999,"Pakistan Muslim League (Nawaz)","Delimitation 2018"
2018-07-25,"General Election","Contested","Provincial","Punjab","PP-177","Kasur-IV",218296,130893,0.599612452816359,4160,0.0317816842764701,126733,1674,0.0132088721958764,41598,0.328233372523336,"Pakistan Tehreek-e-Insaf","Muhammad Hashim Dogar",39924,0.31502450032746,"Pakistan Muslim League (Nawaz)","Ahsan Raza Khan",13646,0.107675191149898,"Independents","Waqas Hassan Moakal",31565,0.249066935999306,4.28115570923077,0.341799418895902,"Pakistan Tehreek-e-Insaf","Delimitation 2018"
2018-07-25,"General Election","Contested","Provincial","Punjab","PP-179","Kasur-VI",214455,127776,0.59581730432958,3836,0.0300212872526922,123940,3702,0.0298692915927062,29314,0.236517669840245,"Pakistan Tehreek-e-Insaf","MALIK MUKHTAR AHMAD",25612,0.206648378247539,"Pakistan Muslim League (Nawaz)","MAHMOOD ANWAR",22324,0.180119412619009,"Independents","RANA MUMTAZ ALI KHAN",46690,0.376714539293206,6.22228327463099,0.871622676870217,"Pakistan Tehreek-e-Insaf","Delimitation 2018"
2018-07-25,"General Election","Contested","Provincial","Punjab","PP-181","Kasur-VIII",193779,118253,0.610246724361257,3556,0.0300711187031196,114697,3076,0.0268184869700167,44592,0.388780874826717,"Pakistan Muslim League (Nawaz)","Rana Muhammad Iqbal Khan",41516,0.361962387856701,"Pakistan Tehreek-e-Insaf","Rana Muhammed Aslam Khan",12773,0.111362982466847,"Tehreek-e-Labbaik Pakistan","Rana Naeem Riaz Ahmed",15816,0.137893754849735,3.36848964445183,0.307664514885827,"Pakistan Muslim League (Nawaz)","Delimitation 2018"
2018-07-25,"General Election","Contested","Provincial","Punjab","PP-188","Okara-VI",193193,117124,0.606253849777166,2642,0.0225572897100509,114482,2601,0.0227197288656732,54760,0.478328470851313,"Pakistan Muslim League (Nawaz)","Mian Yawar Zaman",52159,0.45560874198564,"Pakistan Tehreek-e-Insaf","Ch  Muhammad Abdullah Tahir",2725,0.0238028685732255,"Independents","Rao Ali Jabran Khan Bhopal",4838,0.042259918589822,2.28618720031979,0.0522440997718515,"Pakistan Muslim League (Nawaz)","Delimitation 2018"
2018-07-25,"General Election","Contested","Provincial","Punjab","PP-190","Okara-VIII",232224,141176,0.607930274217996,5795,0.0410480534935116,135381,949,0.00700984628566786,42090,0.310900347907018,"Pakistan Muslim League (Nawaz)","Ghulam Raza",41141,0.30389050162135,"Pakistan Tehreek-e-Insaf","Hamad Aslam",19881,0.146852217076251,"Independents","Rai Ali Noor kharl",32269,0.23835693339538,4.56542896955937,0.483240562942077,"Pakistan Muslim League (Nawaz)","Delimitation 2018"
2018-07-25,"General Election","Contested","Provincial","Punjab","PP-191","Pakpattan-I",191590,107665,0.561955216869356,1909,0.0177309246273162,105756,127,0.00120087749158437,29363,0.277648549491282,"Pakistan Tehreek-e-Insaf","Mian Muhammad Farrukh Mumtaz Maneka",29236,0.276447671999697,"Independents","Farooq Ahmad khan Maneka",27140,0.256628465524415,"Pakistan Muslim League (Nawaz)","Mian Muhammad Hayat Maneka",20017,0.189275312984606,4.39133484398731,0.928307566014503,"Pakistan Tehreek-e-Insaf","Delimitation 2018"
2018-07-25,"General Election","Contested","Provincial","Punjab","PP-2","Attock-II",248696,123711,0.497438639945958,4033,0.032600172983809,119678,3086,0.0257858587209011,45965,0.384072260565852,"Pakistan Muslim League (Nawaz)","Jahangir Khanzada",42879,0.358286401844951,"Pakistan Tehreek-e-Insaf","Qazi Ahmed Akbar",17264,0.144253747555942,"Muttahidda Majlis-e-Amal Pakistan","Changaiz Khan",13570,0.113387590033256,3.29065884597322,0.402621329788475,"Pakistan Muslim League (Nawaz)","Delimitation 2018"
2018-07-25,"General Election","Contested","Provincial","Punjab","PP-203","Khanewal-I",182793,113471,0.62076228301959,2841,0.0250372341831834,110630,1434,0.0129621260056043,48645,0.43970893970894,"Independents","Syed Khawar Ali Shah",47211,0.426746813703335,"Pakistan Tehreek-e-Insaf","muhammad akbar hayat Haraj",9295,0.0840188014101058,"Pakistan Muslim League (Nawaz)","Sued Muhammad Murtaza Hussain",5479,0.0495254451776191,2.61080728074558,0.196882082565504,"Independents","Delimitation 2018"
2018-07-25,"General Election","Contested","Provincial","Punjab","PP-207","Khanewal-V",197701,115364,0.583527650340666,2865,0.0248344370860927,112499,2763,0.0245602183130517,42964,0.381905616938817,"Pakistan Tehreek-e-Insaf","Syed Abbas Ali Shah",40201,0.357345398625766,"Pakistan Muslim League (Nawaz)","Amir Hayat Hiraj",19194,0.170614849909777,"Independents","Pervaiz Akhtar",10140,0.0901341345256402,3.27125513917826,0.477450809681351,"Pakistan Tehreek-e-Insaf","Delimitation 2018"
2018-07-25,"General Election","Contested","Provincial","Punjab","PP-22","Chakwal-II",286566,165645,0.578034379514667,4934,0.0297865918077817,160711,2782,0.0173105761273342,73104,0.454878633074276,"Pakistan Muslim League (Nawaz)","Tanveer Aslam Malik",70322,0.437568056946942,"Pakistan Tehreek-e-Insaf","Tariq Mehmood Afzal",8105,0.0504321421682399,"Pakistan Peoples Party Parliamentarians","Raja Muhammad Rizwan",9180,0.0571211678105419,2.48210857329404,0.115255538807201,"Pakistan Muslim League (Nawaz)","Delimitation 2018"
2018-07-25,"General Election","Contested","Provincial","Punjab","PP-220","Multan-X",190466,109859,0.576790608297544,2683,0.0244222139287632,107176,711,0.00663394789878335,33555,0.313083152944689,"Pakistan Tehreek-e-Insaf","Mian Tariq Abdullah",32844,0.306449205045906,"Pakistan Peoples Party Parliamentarians","Mian Kamran Muhammad Abdullah",27086,0.252724490557588,"Pakistan Muslim League (Nawaz)","Rana Tahir Shabbir",13691,0.127743151451818,3.84350390151736,0.82468639629765,"Pakistan Tehreek-e-Insaf","Delimitation 2018"
2018-07-25,"General Election","Contested","Provincial","Punjab","PP-223","Multan-XIII",200350,109252,0.545305714998752,2831,0.0259125691062864,106421,1744,0.0163877430206444,46149,0.433645615057179,"Pakistan Muslim League (Nawaz)","Naghma Mushtaq",44405,0.417257872036534,"Pakistan Tehreek-e-Insaf","Malik Muhammad Akram Kanhon",6020,0.0565677826744721,"Pakistan Peoples Party Parliamentarians","Hamid Ali",9847,0.0925287302318152,2.72158570587486,0.135570318657809,"Pakistan Muslim League (Nawaz)","Delimitation 2018"
2018-07-25,"General Election","Contested","Provincial","Punjab","PP-225","Lodhran-II",184049,113677,0.61764530097963,3976,0.0349762924778099,109701,1568,0.0142933975077711,40271,0.367097838670568,"Pakistan Muslim League (Nawaz)","Peerzada Muhammad Jahangir Bhutta",38703,0.352804441162797,"Pakistan Tehreek-e-Insaf","Tahir Hussain Khan",11546,0.105249724250463,"Independents","Sohail Khursheed Khan Kanju",19181,0.174847995916172,3.54909239281222,0.298323127406144,"Pakistan Muslim League (Nawaz)","Delimitation 2018"
2018-07-25,"General Election","Contested","Provincial","Punjab","PP-226","Lodhran-III",178419,103621,0.580773348129964,2930,0.0282761216355758,100691,2536,0.0251859649819746,41818,0.41531020647327,"Pakistan Muslim League (Nawaz)","Shah Muhammad",39282,0.390124241491295,"Pakistan Tehreek-e-Insaf","Rana Muhammad Faraz Noon",10847,0.107725615993485,"Independents","Raziullah Khan",8744,0.0868399360419501,2.94368735161189,0.276131561529454,"Pakistan Muslim League (Nawaz)","Delimitation 2018"
2018-07-25,"General Election","Contested","Provincial","Punjab","PP-231","Vehari-III",193362,109694,0.567298641925508,3730,0.034003682972633,105964,909,0.0085783851119248,17110,0.161469933184855,"Pakistan Muslim League (Nawaz)","Mian Irfan Aqueel Daultana",16201,0.15289154807293,"Pakistan Tehreek-e-Insaf","Muhammad Ishaq Khan Khakwani",14960,0.141180023404175,"Independents","Salman Shahid",57693,0.544458495338039,8.90383992476691,0.923399790136411,"Pakistan Muslim League (Nawaz)","Delimitation 2018"
2018-07-25,"General Election","Contested","Provincial","Punjab","PP-232","Vehari-IV",184140,108789,0.59079504724666,3317,0.0304902150033551,105472,1785,0.0169239229368932,27284,0.258684769417476,"Pakistan Tehreek-e-Insaf","Muhammad Ejaz Hussain",25499,0.241760846480583,"Pakistan Muslim League (Nawaz)","Bilal Akbar Bhatti",18744,0.177715412621359,"Independents","Malik Nosher Khan Anjum Langrial",33945,0.321838971480583,5.31531949784667,0.735087650496098,"Pakistan Tehreek-e-Insaf","Delimitation 2018"
2018-07-25,"General Election","Contested","Provincial","Punjab","PP-249","Bahawalpur-V",190761,119153,0.624619288009604,2397,0.0201169924382936,116756,553,0.00473637329130838,48393,0.414479769776286,"Pakistan Muslim League (Qaid-e-Azam)","EHSAN UL HAQUE",47840,0.409743396484977,"Pakistan Muslim League (Nawaz)","KHALID MAHMOOD JAJJA",10406,0.0891260406317448,"Pakistan Tehreek-e-Insaf","Farzana Raoof",10117,0.0866507931069924,2.84040830301808,0.217516722408027,"Other Parties","Delimitation 2018"
2018-07-25,"General Election","Contested","Provincial","Punjab","PP-25","Jhelum-I",326000,177579,0.544720858895706,6939,0.0390755663676448,170640,3296,0.0193155180496952,59717,0.349958977965307,"Pakistan Tehreek-e-Insaf","Raja Yawar Kamal Khan",56421,0.330643459915612,"Pakistan Muslim League (Nawaz)","Mahar Muhammad Fayyaz",27280,0.159868729488983,"Tehreek-e-Labbaik Pakistan","Syed Irfan Ameer Shah Bukhari",27222,0.159528832630098,3.65816154087635,0.483507913720069,"Pakistan Tehreek-e-Insaf","Delimitation 2018"
2018-07-25,"General Election","Contested","Provincial","Punjab","PP-255","Rahim Yar Khan-I",179046,103127,0.575980474291523,3096,0.0300212359517876,100031,1366,0.0136557667123192,40280,0.402675170697084,"Pakistan Peoples Party Parliamentarians","Ghazanfar Ali Khan",38914,0.389019403984765,"Pakistan Tehreek-e-Insaf","Makhdoom Syed Muhammad Masood Aalam",10764,0.107606641940998,"Independents","Malik Azeem Bakhsh Naich",10073,0.100698783377153,3.05302153201063,0.276609960425554,"Pakistan Peoples Party Parliamentarians","Delimitation 2018"
2018-07-25,"General Election","Contested","Provincial","Punjab","PP-267","Rahim Yar Khan-XIII",175528,104092,0.593022195888975,2692,0.0258617376935788,101400,510,0.00502958579881657,42272,0.416883629191321,"Pakistan Muslim League (Nawaz)","Chaudhary Muhammad Shafiq Anwar",41762,0.411854043392505,"Pakistan Tehreek-e-Insaf","Sajjad Ahmad",9560,0.0942800788954635,"Pakistan Peoples Party Parliamentarians","Rana Tariq Mehmood Khan",7806,0.0769822485207101,2.82146030329776,0.228916239643695,"Pakistan Muslim League (Nawaz)","Delimitation 2018"
2018-07-25,"General Election","Contested","Provincial","Punjab","PP-268","Muzaffargarh-I",162078,101435,0.625840644627895,3420,0.0337161729186178,98015,1181,0.0120491761465082,30432,0.310483089323063,"Pakistan Muslim League (Nawaz)","Malik Ghulam Qasim Hanjra",29251,0.298433913176555,"Independents","Rana Aurang Zaib",21332,0.217640157118808,"Independents","Syed Muhammad Jafir Muzamil",17000,0.173442840381574,4.12594695769239,0.729274212847424,"Pakistan Muslim League (Nawaz)","Delimitation 2018"
2018-07-25,"General Election","Contested","Provincial","Punjab","PP-27","Jhelum-III",311686,167437,0.537197692549553,4323,0.0258186661251695,163114,1766,0.0108267837218142,67003,0.410774059859975,"Pakistan Tehreek-e-Insaf","Fawad Ahmed",65237,0.399947276138161,"Pakistan Muslim League (Nawaz)","Nasir Mehmood",15133,0.0927756047917407,"Tehreek-e-Labbaik Pakistan","Muhammad Farooq",15741,0.096503059210123,2.95114990488259,0.231969587810598,"Pakistan Tehreek-e-Insaf","Delimitation 2018"
2018-07-25,"General Election","Contested","Provincial","Punjab","PP-270","Muzaffargarh-III",163268,96457,0.59078937697528,2864,0.0296919871030615,93593,2,0.0000213691194854426,17668,0.188774801534303,"Independents","Abdul Hayi Dasti",17666,0.188753432414817,"Pakistan Awami Raj","Muhammad Ajmal Khan",16358,0.174778028271345,"Pakistan Muslim League (Nawaz)","Hamad Nawaz Khan",41901,0.447693737779535,6.83936043063634,0.925959470168686,"Independents","Delimitation 2018"
2018-07-25,"General Election","Contested","Provincial","Punjab","PP-274","Muzaffargarh-VII",146434,88707,0.605781444200117,3088,0.0348112324844713,85619,1562,0.0182436141510646,27597,0.322323316086383,"Pakistan Tehreek-e-Insaf","MUHAMMAD RAZA HUSSIAN BUKHARI",26035,0.304079701935318,"Independents","MUHAMMAD NAWAB KHAN GOPANG",25535,0.29823987666289,"Independents","MUHAMMAD QAIM SHAH",6452,0.075357105315409,3.44731483246313,0.980795083541387,"Pakistan Tehreek-e-Insaf","Delimitation 2018"
2018-07-25,"General Election","Contested","Provincial","Punjab","PP-277","Muzaffargarh-X",167312,108005,0.645530505881228,3919,0.0362853571593908,104086,3535,0.033962300405434,34302,0.329554406932729,"Independents","Mian Alamdar Abbas Qureshi",30767,0.295592106527295,"Independents","Muhammad Iqbal Khan",16338,0.156966354745115,"Pakistan Tehreek-e-Insaf","Nosheen Abbas",22679,0.217887131794862,4.33848144632056,0.531023499203692,"Independents","Delimitation 2018"
2018-07-25,"General Election","Contested","Provincial","Punjab","PP-281","Layyah-II",178570,111047,0.6218681749454,3816,0.0343638279287149,107231,3031,0.0282660797717078,33141,0.309061745204279,"Pakistan Tehreek-e-Insaf","Shahab Ud Din Khan",30110,0.280795665432571,"Pakistan Muslim League (Nawaz)","Malik Abdul Shakoor",17690,0.164970950564669,"Pakistan Peoples Party Parliamentarians","Malik Riaz Hussain",26290,0.245171638798482,4.5595677891067,0.587512454334108,"Pakistan Tehreek-e-Insaf","Delimitation 2018"
2018-07-25,"General Election","Contested","Provincial","Punjab","PP-283","Layyah-IV",172892,115687,0.669128704624853,3404,0.0294242222548774,112283,2253,0.0200653705369468,46221,0.411647355343195,"Pakistan Muslim League (Nawaz)","Ijaz Ahmad Son of Maher Bahadar",43968,0.391581984806249,"Pakistan Tehreek-e-Insaf","Sajjad Hussain Khan",14770,0.131542619986997,"Pakistan Peoples Party Parliamentarians","Syed Fazal Hussain Gillani",7324,0.065228039863559,2.93344260608646,0.335926128093159,"Pakistan Muslim League (Nawaz)","Delimitation 2018"
2018-07-25,"General Election","Contested","Provincial","Punjab","PP-285","Dera Ghazi Khan-I",181184,94298,0.520454344754504,4096,0.0434367643004093,90202,1664,0.018447484534711,27840,0.308640606638434,"Pakistan Tehreek-e-Insaf","khawaja muhammad daud sulemani",26176,0.290193122103723,"Independents","sardar mir badshah khan qaisrani",18620,0.206425578146826,"Independents","muhammad tahir",17566,0.194740693111017,4.37515362439741,0.711338630806846,"Pakistan Tehreek-e-Insaf","Delimitation 2018"
2018-07-25,"General Election","Contested","Provincial","Punjab","PP-291","Dera Ghazi Khan-VII",161323,94254,0.584256429647353,3251,0.0344919048528444,91003,2108,0.0231640715141259,42141,0.463072645956727,"Pakistan Tehreek-e-Insaf","SARDAR MUHAMMAD MOHIUDIN KHAN KHOSA",40033,0.439908574442601,"Pakistan Muslim League (Nawaz)","MEHMOOD QADIR KHAN",2826,0.0310539212992978,"Pakistan Peoples Party Parliamentarians","GHULAM SARWAR DUMMER",6003,0.0659648583013747,2.43893204065197,0.0705917617965179,"Pakistan Tehreek-e-Insaf","Delimitation 2018"
2018-07-25,"General Election","Contested","Provincial","Punjab","PP-292","Dera Ghazi Khan-VIII",141114,71665,0.507851807758266,2551,0.0355961766552711,69114,253,0.00366061868796486,32423,0.469123477153688,"Pakistan Tehreek-e-Insaf","Sardar Muhammad Khan Leghari",32170,0.465462858465723,"Pakistan Muslim League (Nawaz)","Sardar Awais Ahmad Khan Leghari",3545,0.0512920681772145,"Pakistan Peoples Party Parliamentarians","Ali Muhammad",976,0.0141215962033741,2.27562828117727,0.110195834628536,"Pakistan Tehreek-e-Insaf","Delimitation 2018"
2018-07-25,"General Election","Contested","Provincial","Punjab","PP-32","Gujrat-V",282955,133854,0.473057553321199,6441,0.0481195929893765,127413,4654,0.0365268850117335,42196,0.331174997841664,"Pakistan Tehreek-e-Insaf","Mian Muhammad Akhtar Hayat",37542,0.294648112829931,"Pakistan Muslim League (Nawaz)","Mian Tariq Mehmood",30554,0.239802845863452,"Tehreek-e-Labbaik Pakistan","Chaudhary Ijaz Ahmad",17121,0.134374043464953,3.87266740541789,0.813861808108252,"Pakistan Tehreek-e-Insaf","Delimitation 2018"
2018-07-25,"General Election","Contested","Provincial","Punjab","PP-33","Gujrat-VI",277259,141522,0.51043248370657,2783,0.0196647871002388,138739,2363,0.0170319809138022,51007,0.367647164820274,"Pakistan Tehreek-e-Insaf","Chaudhry Liaqat Ali",48644,0.350615183906472,"Pakistan Muslim League (Nawaz)","Shabbir Ahmad",15513,0.111814269960141,"Tehreek-e-Labbaik Pakistan","Noman Arif",23575,0.169923381313113,3.55084357394486,0.318908806841543,"Pakistan Tehreek-e-Insaf","Delimitation 2018"
2018-07-25,"General Election","Contested","Provincial","Punjab","PP-39","Sialkot-V",222086,122543,0.551781742207973,5105,0.0416588462825294,117438,12,0.000102181576661697,31086,0.264701374342206,"Independents","Liaqat Ali",31074,0.264599192765544,"Pakistan Muslim League (Nawaz)","Mirza Altaf Hussain",20500,0.174560193463785,"Independents","Tanveer ul Islam",34778,0.296139239428464,4.92592113550915,0.659715517796228,"Independents","Delimitation 2018"
2018-07-25,"General Election","Contested","Provincial","Punjab","PP-52","Gujranwala-II",232918,129854,0.557509509784559,2014,0.0155097263080075,127840,1113,0.00870619524405508,55710,0.435779098873592,"Pakistan Muslim League (Nawaz)","Chaudhary Aadil Bakhsh Chattha",54597,0.427072903629537,"Pakistan Tehreek-e-Insaf","Muhammad Ahmad Chattha",5433,0.0424984355444305,"Pakistan Peoples Party Parliamentarians","Syed Shahbaz Haider",12100,0.0946495619524406,2.65913466771689,0.099510962140777,"Pakistan Muslim League (Nawaz)","Delimitation 2018"
2018-07-25,"General Election","Contested","Provincial","Punjab","PP-54","Gujranwala-IV",217313,114251,0.525743972979067,2387,0.0208925961260733,111864,1457,0.0130247443324036,51257,0.458208181363084,"Pakistan Muslim League (Nawaz)","Imran Khalid Butt",49800,0.44518343703068,"Pakistan Tehreek-e-Insaf","Rizwan Ullah Butt",3297,0.0294732889937782,"Allah-o-Akbar Tehreek","Abdul Rehman Butt",7510,0.067135092612458,2.44008151722378,0.0662048192771084,"Pakistan Muslim League (Nawaz)","Delimitation 2018"
2018-07-25,"General Election","Contested","Provincial","Punjab","PP-68","Mandi Bahauddin-IV",265381,142229,0.535942663566721,9549,0.0671382066948372,132680,2177,0.0164078987036479,37904,0.285679831172746,"Pakistan Tehreek-e-Insaf","Gulraiz Afzal Gondal",35727,0.269271932469099,"Independents","Qamar Khan",24522,0.184820621043111,"Pakistan Muslim League (Nawaz)","Syed Muhammad Mehfooz Mashdi",34527,0.260227615315044,4.93852433257808,0.686371651691998,"Pakistan Tehreek-e-Insaf","Delimitation 2018"
2018-07-25,"General Election","Contested","Provincial","Punjab","PP-7","Rawalpindi-II",298908,159495,0.533592275884219,5735,0.0359572400388727,153760,1905,0.0123894380853278,44287,0.288026795005203,"Independents","RAJA SAGHEER AHMED",42382,0.275637356919875,"Pakistan Muslim League (Nawaz)","RAJA MUHAMMAD ALI",40332,0.262304890738814,"Pakistan Tehreek-e-Insaf","GHULAM MURTAZA SATTI",26759,0.174030957336108,4.14628013195748,0.951630409135954,"Independents","Delimitation 2018"
2018-07-25,"General Election","Contested","Provincial","Punjab","PP-74","Sargodha-III",218208,124311,0.569690387153542,3608,0.0290239801787452,120703,1185,0.00981748589513104,51269,0.424753320132888,"Pakistan Muslim League (Nawaz)","Mian Manazar Hussain Ranjha",50084,0.414935834237757,"Pakistan Tehreek-e-Insaf","Muhammad Ansar Iqbal",11812,0.0978600366188082,"Pakistan Peoples Party Parliamentarians","Mian Mazhar Ali Ranjha",7538,0.0624508090105465,2.7452421548521,0.235843782445492,"Pakistan Muslim League (Nawaz)","Delimitation 2018"
2018-07-25,"General Election","Contested","Provincial","Punjab","PP-81","Sargodha-X",235220,133221,0.566367655811581,5251,0.0394157077337657,127970,790,0.00617332187231379,41300,0.322731890286786,"Pakistan Tehreek-e-Insaf","CHAUDHRY IFTIKHAR HUSSAIN",40510,0.316558568414472,"Pakistan Muslim League (Nawaz)","SYED JAVED HASIN",29635,0.231577713526608,"Independents","MUHAMMAD ASIF HAYAT",16525,0.129131827772134,3.79372526356471,0.731547765983708,"Pakistan Tehreek-e-Insaf","Delimitation 2018"
2018-07-25,"General Election","Contested","Provincial","Punjab","PP-84","Khushab-III",267858,165264,0.616983625652398,6617,0.0400389679543034,158647,6440,0.040593266812483,66459,0.418911167560685,"Pakistan Muslim League (Nawaz)","Muhammad Waris Shad",60019,0.378317900748202,"Pakistan Tehreek-e-Insaf","Sardar Shujah Muhammad Khan",12327,0.0777008074530246,"Tehreek-e-Labbaik Pakistan","Hafiz Sher Muhammad Sialvi",19842,0.125070124238088,3.02657823816017,0.205384961428881,"Pakistan Muslim League (Nawaz)","Delimitation 2018"
2018-07-25,"General Election","Contested","Provincial","Punjab","PP-91","Bhakkar-III",220709,156747,0.710197590492458,3237,0.0206511129399606,153510,1553,0.0101166047814475,75119,0.489342713829718,"Pakistan Tehreek-e-Insaf","Ghazanfer Abbas",73566,0.47922610904827,"Independents","Saeed Akbar Khan",4064,0.0264738453520943,"Tehreek-e-Labbaik Pakistan","Muhammad Abdul Jabbar Shah",761,0.00495733176991727,2.12843187810678,0.055242911127423,"Pakistan Tehreek-e-Insaf","Delimitation 2018"
2018-07-25,"General Election","Contested","Provincial","Punjab","PP-95","Chiniot-III",180434,113614,0.629670682908986,4897,0.043102082489834,108717,4093,0.0376482058923627,38054,0.350028054490098,"Pakistan Peoples Party Parliamentarians","SYED HASSAN MURTAZA",33961,0.312379848597735,"Independents","MUHAMMAD REHMAT ULLAH",22402,0.206057930222504,"Pakistan Tehreek-e-Insaf","SYED MUHAMMAD QAIM RAZA",14300,0.131534166689662,3.65252798533608,0.659638997673802,"Pakistan Peoples Party Parliamentarians","Delimitation 2018"
2018-07-25,"General Election","Contested","Provincial","Punjab","PP-96","Chiniot-IV",186557,115307,0.618079192954432,4984,0.043223741837009,110323,3262,0.0295677238653771,29668,0.268919445627838,"Pakistan Tehreek-e-Insaf","Saleem Bibi",26406,0.239351721762461,"Pakistan Muslim League (Nawaz)","Muhammad Saqlain Anwar",20517,0.185972100106052,"Independents","Mukhtar Ahmad",33732,0.305756732503648,5.65310382270832,0.776982503976369,"Pakistan Tehreek-e-Insaf","Delimitation 2018"
2018-07-25,"General Election","Contested","Provincial","Sindh","PS-108","Karachi South-II",207724,79191,0.381231826847163,1967,0.0248386811632635,77224,1244,0.0161089816637315,16821,0.217820884699057,"Muttahidda Majlis-e-Amal Pakistan","Syed Abdul Rasheed",15577,0.201711903035326,"Pakistan Tehreek-e-Insaf","Abdul Nasir Baloch",12252,0.158655340308712,"Pakistan Peoples Party Parliamentarians","Abdul Majeed",32574,0.421811871956905,6.65005348860834,0.786544263978943,"Muttahidda Majlis-e-Amal Pakistan","Delimitation 2018"
2018-07-25,"General Election","Contested","Provincial","Sindh","PS-114","Karachi West-III",179099,68171,0.380633057694348,1507,0.0221061741796365,66664,1192,0.0178807152286091,13321,0.199822992919717,"Pakistan Tehreek-e-Insaf","Muhammad Shabbir",12129,0.181942277691108,"Muttahida Qaumi Movement Pakistan","Syed Shahid Mian",11775,0.176632065282611,"Pakistan Peoples Party Parliamentarians","Mir Talib Hussain Brohi",29439,0.441602664106564,6.62085384100793,0.970813752164234,"Pakistan Tehreek-e-Insaf","Delimitation 2018"
2018-07-25,"General Election","Contested","Provincial","Sindh","PS-116","Karachi West-V",97851,35816,0.366025896516132,973,0.0271666294393567,34843,255,0.00731854317940478,9966,0.286025887552737,"Pakistan Tehreek-e-Insaf","Malik Shehzad Awan",9711,0.278707344373332,"Pakistan Muslim League (Nawaz)","Salheen",5306,0.152283098470281,"Muttahidda Majlis-e-Amal Pakistan","Umar Sadiq",9860,0.282983669603651,5.07272430241553,0.546390690969004,"Pakistan Tehreek-e-Insaf","Delimitation 2018"
2018-07-25,"General Election","Contested","Provincial","Sindh","PS-121","Karachi West-X",119886,44903,0.374547486779107,1288,0.0286840522904928,43615,467,0.0107073254614238,9936,0.227811532729566,"Muttahida Qaumi Movement Pakistan","Basit Ahmed Siddiqui",9469,0.217104207268142,"Pakistan Tehreek-e-Insaf","Jan Muhammad Gabool",6673,0.152997821850281,"Pakistan Peoples Party Parliamentarians","Ali Akbar",17537,0.402086438152012,6.46721726814949,0.704720667441124,"Other Parties","Delimitation 2018"
2018-07-25,"General Election","Contested","Provincial","Sindh","PS-122","Karachi West-XI",79213,30563,0.385833133450318,894,0.029251055197461,29669,765,0.0257844888604267,6241,0.210354241801207,"Pakistan Tehreek-e-Insaf","Rabistan Khan",5476,0.18456975294078,"Muttahidda Majlis-e-Amal Pakistan","Muhammad Mazahir Amir",3826,0.12895614951633,"Muttahidda Majlis-e-Amal Pakistan","Syed Muhammad Rizwan Shah",14126,0.476119855741683,7.96766249810244,0.698685171658145,"Pakistan Tehreek-e-Insaf","Delimitation 2018"
2018-07-25,"General Election","Contested","Provincial","Sindh","PS-13","Larkana-IV",182131,103965,0.570825394908061,4590,0.0441494733804646,99375,1904,0.0191597484276729,46101,0.463909433962264,"Pakistan Peoples Party Parliamentarians","Hizbullah Bughio",44197,0.444749685534591,"Grand Democratic Alliance","Aadil Altaf Unar",6697,0.0673911949685535,"Pakistan Tehreek-e-Insaf","Shafqat Hussain Unar",2380,0.0239496855345912,2.3944538343127,0.151526121682467,"Pakistan Peoples Party Parliamentarians","Delimitation 2018"
2018-07-25,"General Election","Contested","Provincial","Sindh","PS-19","Ghotki-II",187792,105455,0.561552142796285,4991,0.0473282442748092,100464,3231,0.0321607740086001,45413,0.452032568880395,"Pakistan Peoples Party Parliamentarians","Abdul Bari Pitafi",42182,0.419871794871795,"Grand Democratic Alliance","Ali Gohar Khan Mahar",4903,0.0488035515209428,"Independents","Abdul Fattah Samejo",7966,0.0792920847268673,2.60277878740783,0.116234412782704,"Pakistan Peoples Party Parliamentarians","Delimitation 2018"
2018-07-25,"General Election","Contested","Provincial","Sindh","PS-21","Ghotki-IV",173843,79148,0.455284365778317,7974,0.100747965836155,71174,3658,0.0513951723944137,32195,0.452342147413381,"Pakistan Peoples Party Parliamentarians","Ali Nawaz Khan Mahar",28537,0.400946975018968,"Muttahidda Majlis-e-Amal Pakistan","Jam Saifullah Khan",5961,0.0837524938882176,"Independents","Ali Mohammad Khan Mahar",4481,0.0629583836794335,2.67922066386633,0.208886708483723,"Pakistan Peoples Party Parliamentarians","Delimitation 2018"
2018-07-25,"General Election","Contested","Provincial","Sindh","PS-29","Khairpur-IV",145163,83020,0.571908819740568,4460,0.0537219947000723,78560,899,0.011443482688391,37133,0.472670570264766,"Grand Democratic Alliance","Muhammad Rafique Banbhan",36234,0.461227087576375,"Pakistan Peoples Party Parliamentarians","Shiraz Shaukat Rajper",1478,0.0188136456211813,"Tehreek-e-Labbaik Pakistan","Syed Razaullah jeelani",3715,0.0472886965376782,2.28833754698054,0.0407904178395982,"Other Parties","Delimitation 2018"
2018-07-25,"General Election","Contested","Provincial","Sindh","PS-3","Jacobabad-III",162830,71894,0.441527973960572,5236,0.07282944334715,66658,3528,0.0529268804944643,31662,0.474991748927361,"Pakistan Peoples Party Parliamentarians","Mir Mumtaz Hussain khan",28134,0.422064868432896,"Pakistan Tehreek-e-Insaf","Abdul Razzaque Khan",1490,0.0223529058777641,"Muttahidda Majlis-e-Amal Pakistan","Israr Ahmed",5372,0.0805904767619791,2.46672601021028,0.0529608303120779,"Pakistan Peoples Party Parliamentarians","Delimitation 2018"
2018-07-25,"General Election","Contested","Provincial","Sindh","PS-32","Khairpur-VII",151671,76731,0.505904226912198,4233,0.0551667513781913,72498,4085,0.0563463819691578,36137,0.498455129796684,"Grand Democratic Alliance","Syed Muhammad Rashid Shah",32052,0.442108747827526,"Pakistan Peoples Party Parliamentarians","Nawab Ali Wassan",1466,0.0202212474826892,"Independents","Imran Ali Qazi",2843,0.0392148748931005,2.24911118801377,0.0457381754648696,"Other Parties","Delimitation 2018"
2018-07-25,"General Election","Contested","Provincial","Sindh","PS-35","Naushahro Feroze-III",183094,101330,0.553431570668618,5255,0.0518602585611369,96075,3412,0.0355139214155608,38432,0.400020817069997,"Pakistan Peoples Party Parliamentarians","Mumtaz ali",35020,0.364506895654437,"Grand Democratic Alliance","Ghazi ali khan jatoi",9228,0.0960499609679938,"Independents","Abdul haq dost muhammad",13395,0.139422326307572,3.28061429989921,0.263506567675614,"Pakistan Peoples Party Parliamentarians","Delimitation 2018"
2018-07-25,"General Election","Contested","Provincial","Sindh","PS-36","Naushahro Feroze-IV",186437,100697,0.540112745860532,4295,0.0426527106070687,96402,2092,0.0217007945893239,47406,0.491753283126906,"Grand Democratic Alliance","Arif mustafa jatoi",45314,0.470052488537582,"Pakistan Peoples Party Parliamentarians","Mr  Zia ul Hassan",1320,0.0136926619779673,"Pakistan Tehreek-e-Insaf","Mr  Shahnawaz Jatoi",2362,0.0245015663575444,2.15944790319123,0.0291300701769872,"Other Parties","Delimitation 2018"
2018-07-25,"General Election","Contested","Provincial","Sindh","PS-41","Sanghar-I",156313,80099,0.512426989437859,3144,0.0392514263598796,76955,102,0.0013254499382756,36024,0.468117731141576,"Grand Democratic Alliance","Ali Ghulam",35922,0.466792281203301,"Pakistan Peoples Party Parliamentarians","Mashooque Ali",1711,0.0222337729842116,"Pakistan Muslim League (Nawaz)","Maqsooda Bibi",3298,0.0428562146709116,2.28256192658476,0.0476309782306108,"Other Parties","Delimitation 2018"
2018-07-25,"General Election","Contested","Provincial","Sindh","PS-46","Sanghar-VI",156439,91634,0.585749077915354,4875,0.0532007770041688,86759,927,0.010684770456091,42393,0.488629421731463,"Grand Democratic Alliance","Waryam Faqir",41466,0.477944651275372,"Pakistan Peoples Party Parliamentarians","Rana Abdul Sattar",783,0.00902500028815454,"Independents","Mir Jawad Afsar Talpur",2117,0.0244009267050104,2.1394614274983,0.0188829402401968,"Other Parties","Delimitation 2018"
2018-07-25,"General Election","Contested","Provincial","Sindh","PS-48","Mirpurkhas-II",151736,82271,0.542198291769916,3248,0.0394792818854761,79023,1856,0.0234868329473698,38097,0.48210014805816,"Pakistan Peoples Party Parliamentarians","Syed Zulfiqar Ali Shah",36241,0.458613315110791,"Independents","Ali Nawaz Shah",1481,0.018741379092163,"Pakistan Tehreek-e-Insaf","Chanesar",3204,0.0405451577388861,2.25514448614688,0.0408653182859193,"Pakistan Peoples Party Parliamentarians","Delimitation 2018"
2018-07-25,"General Election","Contested","Provincial","Sindh","PS-54","Tharparkar-I",99101,67490,0.681022391297767,4100,0.0607497407023263,63390,1111,0.0175264237261398,25955,0.409449439974759,"Grand Democratic Alliance","Abdul Razzaque",24844,0.39192301624862,"Pakistan Peoples Party Parliamentarians","Dost Muhammad",10090,0.159173371194195,"Independents","Pir Imdad Ali Shah Jeelani",2501,0.0394541725824262,2.88243856202079,0.406134277894059,"Other Parties","Delimitation 2018"
2018-07-25,"General Election","Contested","Provincial","Sindh","PS-73","Badin-IV",150295,87165,0.57995941315413,4383,0.0502839442436758,82782,281,0.0033944577323573,37645,0.454748616849073,"Pakistan Peoples Party Parliamentarians","Taj Muhammad",37364,0.451354159116716,"Grand Democratic Alliance","Fehmida Mirza",2814,0.0339928970065956,"Tehreek-e-Labbaik Pakistan","Pir Muhammad Ali Sarhandi",4959,0.0599043270276147,2.42290007363738,0.0753131356385826,"Pakistan Peoples Party Parliamentarians","Delimitation 2018"
2018-07-25,"General Election","Contested","Provincial","Sindh","PS-84","Dadu-II",176906,91974,0.51990322544176,4634,0.0503838041185552,87340,1866,0.0213647813144035,42218,0.483375314861461,"Pakistan Peoples Party Parliamentarians","Fayaz Ali Butt",40352,0.462010533547057,"Pakistan Tehreek-e-Insaf","Sadaqat Ali Jatoi",2149,0.0246049919853446,"Independents","Zubair Ahmed Bhurt",2621,0.0300091596061369,2.23213218251815,0.0532563441712926,"Pakistan Peoples Party Parliamentarians","Delimitation 2018"
2018-07-25,"General Election","Contested","Provincial","Sindh","PS-86","Dadu-IV",179670,92379,0.514159292035398,5211,0.056408924106128,87168,4935,0.0566148127753304,43691,0.501227514684288,"Pakistan Peoples Party Parliamentarians","Syed Ghullam Shah Jilani",38756,0.444612701908957,"Pakistan Tehreek-e-Insaf","Banda Ali Leghari",1622,0.0186077459618209,"Muttahidda Majlis-e-Amal Pakistan","Abdul Hakeem Babar",3099,0.0355520374449339,2.22512748334362,0.0418515842708226,"Pakistan Peoples Party Parliamentarians","Delimitation 2018"
2018-07-25,"General Election","Contested","Provincial","Sindh","PS-96","Korangi Karachi-V",182239,69682,0.382366013860919,1404,0.0201486754111535,68278,901,0.0131960514367732,19863,0.290913617856411,"Muttahida Qaumi Movement Pakistan","Ghulam Jellani",18962,0.277717566419637,"Tehreek-e-Labbaik Pakistan","Muhammad Abu Bakar",12086,0.177011628928791,"Pakistan Tehreek-e-Insaf","Sajid Hussain",17367,0.254357186795161,4.79748992525994,0.637380023204303,"Other Parties","Delimitation 2018"
2018-07-25,"General Election","Contested","Provincial","Sindh","PS-99","Karachi East-I",57544,21881,0.380248157931322,816,0.0372926283076642,21065,637,0.0302397341561833,6058,0.28758604319962,"Pakistan Tehreek-e-Insaf","Haleem Adil Sheikh",5421,0.257346309043437,"Pakistan Peoples Party Parliamentarians","Shahab Uddin",2771,0.131545217184904,"Muttahidda Majlis-e-Amal Pakistan","Muhammad Ghayas",6815,0.323522430572039,5.32492650650166,0.511160302527209,"Pakistan Tehreek-e-Insaf","Delimitation 2018"
